USE [VietWayDB]
GO
INSERT [dbo].[Account] ([AccountId], [PhoneNumber], [Email], [Password], [CreatedAt], [Role], [IsDeleted]) VALUES (N'1', N'1', N'1', N'1', CAST(N'2001-01-01T00:00:00.0000000' AS DateTime2), 1, 0)
INSERT [dbo].[Account] ([AccountId], [PhoneNumber], [Email], [Password], [CreatedAt], [Role], [IsDeleted]) VALUES (N'2', N'2', N'2', N'2', CAST(N'2002-02-02T00:00:00.0000000' AS DateTime2), 2, 0)
INSERT [dbo].[Account] ([AccountId], [PhoneNumber], [Email], [Password], [CreatedAt], [Role], [IsDeleted]) VALUES (N'3', N'3', N'3', N'3', CAST(N'2003-03-03T00:00:00.0000000' AS DateTime2), 3, 0)
GO
INSERT [dbo].[Image] ([ImageId], [PublicId], [FileName], [Url], [ContentType]) VALUES (N'1', N'1', N'1', N'https://dummyimage.com/600x400/000/fff', N'1')
INSERT [dbo].[Image] ([ImageId], [PublicId], [FileName], [Url], [ContentType]) VALUES (N'10', N'10', N'10', N'https://dummyimage.com/800x400/999999/000000', N'10')
INSERT [dbo].[Image] ([ImageId], [PublicId], [FileName], [Url], [ContentType]) VALUES (N'11', N'11', N'11', N'https://dummyimage.com/600x400/000/fff', N'11')
INSERT [dbo].[Image] ([ImageId], [PublicId], [FileName], [Url], [ContentType]) VALUES (N'12', N'12', N'12', N'https://dummyimage.com/300x200/ff0000/ffffff', N'12')
INSERT [dbo].[Image] ([ImageId], [PublicId], [FileName], [Url], [ContentType]) VALUES (N'13', N'13', N'13', N'https://dummyimage.com/400x300/00ff00/000', N'13')
INSERT [dbo].[Image] ([ImageId], [PublicId], [FileName], [Url], [ContentType]) VALUES (N'14', N'14', N'14', N'https://dummyimage.com/500x250/0000ff/ffffff', N'14')
INSERT [dbo].[Image] ([ImageId], [PublicId], [FileName], [Url], [ContentType]) VALUES (N'15', N'15', N'15', N'https://dummyimage.com/350x150/ffff00/000000', N'15')
INSERT [dbo].[Image] ([ImageId], [PublicId], [FileName], [Url], [ContentType]) VALUES (N'16', N'16', N'16', N'https://dummyimage.com/450x300/ff00ff/ffffff', N'16')
INSERT [dbo].[Image] ([ImageId], [PublicId], [FileName], [Url], [ContentType]) VALUES (N'17', N'17', N'17', N'https://dummyimage.com/250x250/00ffff/000', N'17')
INSERT [dbo].[Image] ([ImageId], [PublicId], [FileName], [Url], [ContentType]) VALUES (N'18', N'18', N'18', N'https://dummyimage.com/600x600/cccccc/333', N'18')
INSERT [dbo].[Image] ([ImageId], [PublicId], [FileName], [Url], [ContentType]) VALUES (N'19', N'19', N'19', N'https://dummyimage.com/700x300/333333/ffffff', N'19')
INSERT [dbo].[Image] ([ImageId], [PublicId], [FileName], [Url], [ContentType]) VALUES (N'2', N'2', N'2', N'https://dummyimage.com/300x200/ff0000/ffffff', N'2')
INSERT [dbo].[Image] ([ImageId], [PublicId], [FileName], [Url], [ContentType]) VALUES (N'20', N'20', N'20', N'https://dummyimage.com/800x400/999999/000000', N'20')
INSERT [dbo].[Image] ([ImageId], [PublicId], [FileName], [Url], [ContentType]) VALUES (N'21', N'21', N'21', N'https://dummyimage.com/600x400/000/fff', N'21')
INSERT [dbo].[Image] ([ImageId], [PublicId], [FileName], [Url], [ContentType]) VALUES (N'22', N'22', N'22', N'https://dummyimage.com/300x200/ff0000/ffffff', N'22')
INSERT [dbo].[Image] ([ImageId], [PublicId], [FileName], [Url], [ContentType]) VALUES (N'23', N'23', N'23', N'https://dummyimage.com/400x300/00ff00/000', N'23')
INSERT [dbo].[Image] ([ImageId], [PublicId], [FileName], [Url], [ContentType]) VALUES (N'24', N'24', N'24', N'https://dummyimage.com/500x250/0000ff/ffffff', N'24')
INSERT [dbo].[Image] ([ImageId], [PublicId], [FileName], [Url], [ContentType]) VALUES (N'25', N'25', N'25', N'https://dummyimage.com/350x150/ffff00/000000', N'25')
INSERT [dbo].[Image] ([ImageId], [PublicId], [FileName], [Url], [ContentType]) VALUES (N'26', N'26', N'26', N'https://dummyimage.com/450x300/ff00ff/ffffff', N'26')
INSERT [dbo].[Image] ([ImageId], [PublicId], [FileName], [Url], [ContentType]) VALUES (N'27', N'27', N'27', N'https://dummyimage.com/250x250/00ffff/000', N'27')
INSERT [dbo].[Image] ([ImageId], [PublicId], [FileName], [Url], [ContentType]) VALUES (N'28', N'28', N'28', N'https://dummyimage.com/600x600/cccccc/333', N'28')
INSERT [dbo].[Image] ([ImageId], [PublicId], [FileName], [Url], [ContentType]) VALUES (N'29', N'29', N'29', N'https://dummyimage.com/700x300/333333/ffffff', N'29')
INSERT [dbo].[Image] ([ImageId], [PublicId], [FileName], [Url], [ContentType]) VALUES (N'3', N'3', N'3', N'https://dummyimage.com/400x300/00ff00/000', N'3')
INSERT [dbo].[Image] ([ImageId], [PublicId], [FileName], [Url], [ContentType]) VALUES (N'30', N'30', N'30', N'https://dummyimage.com/800x400/999999/000000', N'30')
INSERT [dbo].[Image] ([ImageId], [PublicId], [FileName], [Url], [ContentType]) VALUES (N'31', N'31', N'31', N'https://dummyimage.com/600x400/000/fff', N'31')
INSERT [dbo].[Image] ([ImageId], [PublicId], [FileName], [Url], [ContentType]) VALUES (N'32', N'32', N'32', N'https://dummyimage.com/300x200/ff0000/ffffff', N'32')
INSERT [dbo].[Image] ([ImageId], [PublicId], [FileName], [Url], [ContentType]) VALUES (N'33', N'33', N'33', N'https://dummyimage.com/400x300/00ff00/000', N'33')
INSERT [dbo].[Image] ([ImageId], [PublicId], [FileName], [Url], [ContentType]) VALUES (N'34', N'34', N'34', N'https://dummyimage.com/500x250/0000ff/ffffff', N'34')
INSERT [dbo].[Image] ([ImageId], [PublicId], [FileName], [Url], [ContentType]) VALUES (N'35', N'35', N'35', N'https://dummyimage.com/350x150/ffff00/000000', N'35')
INSERT [dbo].[Image] ([ImageId], [PublicId], [FileName], [Url], [ContentType]) VALUES (N'36', N'36', N'36', N'https://dummyimage.com/450x300/ff00ff/ffffff', N'36')
INSERT [dbo].[Image] ([ImageId], [PublicId], [FileName], [Url], [ContentType]) VALUES (N'37', N'37', N'37', N'https://dummyimage.com/250x250/00ffff/000', N'37')
INSERT [dbo].[Image] ([ImageId], [PublicId], [FileName], [Url], [ContentType]) VALUES (N'38', N'38', N'38', N'https://dummyimage.com/600x600/cccccc/333', N'38')
INSERT [dbo].[Image] ([ImageId], [PublicId], [FileName], [Url], [ContentType]) VALUES (N'39', N'39', N'39', N'https://dummyimage.com/700x300/333333/ffffff', N'39')
INSERT [dbo].[Image] ([ImageId], [PublicId], [FileName], [Url], [ContentType]) VALUES (N'4', N'4', N'4', N'https://dummyimage.com/500x250/0000ff/ffffff', N'4')
INSERT [dbo].[Image] ([ImageId], [PublicId], [FileName], [Url], [ContentType]) VALUES (N'40', N'40', N'40', N'https://dummyimage.com/800x400/999999/000000', N'40')
INSERT [dbo].[Image] ([ImageId], [PublicId], [FileName], [Url], [ContentType]) VALUES (N'41', N'41', N'41', N'https://dummyimage.com/600x400/000/fff', N'41')
INSERT [dbo].[Image] ([ImageId], [PublicId], [FileName], [Url], [ContentType]) VALUES (N'42', N'42', N'42', N'https://dummyimage.com/300x200/ff0000/ffffff', N'42')
INSERT [dbo].[Image] ([ImageId], [PublicId], [FileName], [Url], [ContentType]) VALUES (N'43', N'43', N'43', N'https://dummyimage.com/400x300/00ff00/000', N'43')
INSERT [dbo].[Image] ([ImageId], [PublicId], [FileName], [Url], [ContentType]) VALUES (N'44', N'44', N'44', N'https://dummyimage.com/500x250/0000ff/ffffff', N'44')
INSERT [dbo].[Image] ([ImageId], [PublicId], [FileName], [Url], [ContentType]) VALUES (N'45', N'45', N'45', N'https://dummyimage.com/350x150/ffff00/000000', N'45')
INSERT [dbo].[Image] ([ImageId], [PublicId], [FileName], [Url], [ContentType]) VALUES (N'46', N'46', N'46', N'https://dummyimage.com/450x300/ff00ff/ffffff', N'46')
INSERT [dbo].[Image] ([ImageId], [PublicId], [FileName], [Url], [ContentType]) VALUES (N'47', N'47', N'47', N'https://dummyimage.com/250x250/00ffff/000', N'47')
INSERT [dbo].[Image] ([ImageId], [PublicId], [FileName], [Url], [ContentType]) VALUES (N'48', N'48', N'48', N'https://dummyimage.com/600x600/cccccc/333', N'48')
INSERT [dbo].[Image] ([ImageId], [PublicId], [FileName], [Url], [ContentType]) VALUES (N'49', N'49', N'49', N'https://dummyimage.com/700x300/333333/ffffff', N'49')
INSERT [dbo].[Image] ([ImageId], [PublicId], [FileName], [Url], [ContentType]) VALUES (N'5', N'5', N'5', N'https://dummyimage.com/350x150/ffff00/000000', N'5')
INSERT [dbo].[Image] ([ImageId], [PublicId], [FileName], [Url], [ContentType]) VALUES (N'50', N'50', N'50', N'https://dummyimage.com/800x400/999999/000000', N'50')
INSERT [dbo].[Image] ([ImageId], [PublicId], [FileName], [Url], [ContentType]) VALUES (N'51', N'51', N'51', N'https://dummyimage.com/600x400/000/fff', N'51')
INSERT [dbo].[Image] ([ImageId], [PublicId], [FileName], [Url], [ContentType]) VALUES (N'52', N'52', N'52', N'https://dummyimage.com/300x200/ff0000/ffffff', N'52')
INSERT [dbo].[Image] ([ImageId], [PublicId], [FileName], [Url], [ContentType]) VALUES (N'53', N'53', N'53', N'https://dummyimage.com/600x400/000/fff', N'53')
INSERT [dbo].[Image] ([ImageId], [PublicId], [FileName], [Url], [ContentType]) VALUES (N'54', N'54', N'54', N'https://dummyimage.com/600x400/000/fff', N'54')
INSERT [dbo].[Image] ([ImageId], [PublicId], [FileName], [Url], [ContentType]) VALUES (N'55', N'55', N'55', N'https://dummyimage.com/300x200/ff0000/ffffff', N'55')
INSERT [dbo].[Image] ([ImageId], [PublicId], [FileName], [Url], [ContentType]) VALUES (N'56', N'56', N'56', N'https://dummyimage.com/400x300/00ff00/000', N'56')
INSERT [dbo].[Image] ([ImageId], [PublicId], [FileName], [Url], [ContentType]) VALUES (N'57', N'57', N'57', N'https://dummyimage.com/500x250/0000ff/ffffff', N'57')
INSERT [dbo].[Image] ([ImageId], [PublicId], [FileName], [Url], [ContentType]) VALUES (N'58', N'58', N'58', N'https://dummyimage.com/350x150/ffff00/000000', N'58')
INSERT [dbo].[Image] ([ImageId], [PublicId], [FileName], [Url], [ContentType]) VALUES (N'59', N'59', N'59', N'https://dummyimage.com/450x300/ff00ff/ffffff', N'59')
INSERT [dbo].[Image] ([ImageId], [PublicId], [FileName], [Url], [ContentType]) VALUES (N'6', N'6', N'6', N'https://dummyimage.com/450x300/ff00ff/ffffff', N'6')
INSERT [dbo].[Image] ([ImageId], [PublicId], [FileName], [Url], [ContentType]) VALUES (N'60', N'60', N'60', N'https://dummyimage.com/250x250/00ffff/000', N'60')
INSERT [dbo].[Image] ([ImageId], [PublicId], [FileName], [Url], [ContentType]) VALUES (N'61', N'61', N'61', N'https://dummyimage.com/600x600/cccccc/333', N'61')
INSERT [dbo].[Image] ([ImageId], [PublicId], [FileName], [Url], [ContentType]) VALUES (N'62', N'62', N'62', N'https://dummyimage.com/700x300/333333/ffffff', N'62')
INSERT [dbo].[Image] ([ImageId], [PublicId], [FileName], [Url], [ContentType]) VALUES (N'63', N'63', N'63', N'https://dummyimage.com/800x400/999999/000000', N'63')
INSERT [dbo].[Image] ([ImageId], [PublicId], [FileName], [Url], [ContentType]) VALUES (N'7', N'7', N'7', N'https://dummyimage.com/250x250/00ffff/000', N'7')
INSERT [dbo].[Image] ([ImageId], [PublicId], [FileName], [Url], [ContentType]) VALUES (N'8', N'8', N'8', N'https://dummyimage.com/600x600/cccccc/333', N'8')
INSERT [dbo].[Image] ([ImageId], [PublicId], [FileName], [Url], [ContentType]) VALUES (N'9', N'9', N'9', N'https://dummyimage.com/700x300/333333/ffffff', N'9')
GO
INSERT [dbo].[Province] ([ProvinceId], [ProvinceName], [ImageId]) VALUES (N'1', N'An Giang', N'1')
INSERT [dbo].[Province] ([ProvinceId], [ProvinceName], [ImageId]) VALUES (N'10', N'Bình Phước', N'10')
INSERT [dbo].[Province] ([ProvinceId], [ProvinceName], [ImageId]) VALUES (N'11', N'Bình Thuận', N'11')
INSERT [dbo].[Province] ([ProvinceId], [ProvinceName], [ImageId]) VALUES (N'12', N'Cà Mau', N'12')
INSERT [dbo].[Province] ([ProvinceId], [ProvinceName], [ImageId]) VALUES (N'13', N'Cần Thơ', N'13')
INSERT [dbo].[Province] ([ProvinceId], [ProvinceName], [ImageId]) VALUES (N'14', N'Cao Bằng', N'14')
INSERT [dbo].[Province] ([ProvinceId], [ProvinceName], [ImageId]) VALUES (N'15', N'Đà Nẵng', N'15')
INSERT [dbo].[Province] ([ProvinceId], [ProvinceName], [ImageId]) VALUES (N'16', N'Đắk Lắk', N'16')
INSERT [dbo].[Province] ([ProvinceId], [ProvinceName], [ImageId]) VALUES (N'17', N'Đắk Nông', N'17')
INSERT [dbo].[Province] ([ProvinceId], [ProvinceName], [ImageId]) VALUES (N'18', N'Điện Biên', N'18')
INSERT [dbo].[Province] ([ProvinceId], [ProvinceName], [ImageId]) VALUES (N'19', N'Đồng Nai', N'19')
INSERT [dbo].[Province] ([ProvinceId], [ProvinceName], [ImageId]) VALUES (N'2', N'Bà Rịa-Vũng Tàu', N'2')
INSERT [dbo].[Province] ([ProvinceId], [ProvinceName], [ImageId]) VALUES (N'20', N'Đồng Tháp', N'20')
INSERT [dbo].[Province] ([ProvinceId], [ProvinceName], [ImageId]) VALUES (N'21', N'Gia Lai', N'21')
INSERT [dbo].[Province] ([ProvinceId], [ProvinceName], [ImageId]) VALUES (N'22', N'Hà Giang', N'22')
INSERT [dbo].[Province] ([ProvinceId], [ProvinceName], [ImageId]) VALUES (N'23', N'Hà Nam', N'23')
INSERT [dbo].[Province] ([ProvinceId], [ProvinceName], [ImageId]) VALUES (N'24', N'Hà Nội', N'24')
INSERT [dbo].[Province] ([ProvinceId], [ProvinceName], [ImageId]) VALUES (N'25', N'Hà Tĩnh', N'25')
INSERT [dbo].[Province] ([ProvinceId], [ProvinceName], [ImageId]) VALUES (N'26', N'Hải Dương', N'26')
INSERT [dbo].[Province] ([ProvinceId], [ProvinceName], [ImageId]) VALUES (N'27', N'Hải Phòng', N'27')
INSERT [dbo].[Province] ([ProvinceId], [ProvinceName], [ImageId]) VALUES (N'28', N'Hậu Giang', N'28')
INSERT [dbo].[Province] ([ProvinceId], [ProvinceName], [ImageId]) VALUES (N'29', N'TP. Hồ Chí Minh', N'29')
INSERT [dbo].[Province] ([ProvinceId], [ProvinceName], [ImageId]) VALUES (N'3', N'Bắc Giang', N'3')
INSERT [dbo].[Province] ([ProvinceId], [ProvinceName], [ImageId]) VALUES (N'30', N'Hòa Bình', N'30')
INSERT [dbo].[Province] ([ProvinceId], [ProvinceName], [ImageId]) VALUES (N'31', N'Hưng Yên', N'31')
INSERT [dbo].[Province] ([ProvinceId], [ProvinceName], [ImageId]) VALUES (N'32', N'Khánh Hòa', N'32')
INSERT [dbo].[Province] ([ProvinceId], [ProvinceName], [ImageId]) VALUES (N'33', N'Kiên Giang', N'33')
INSERT [dbo].[Province] ([ProvinceId], [ProvinceName], [ImageId]) VALUES (N'34', N'Kon Tum', N'34')
INSERT [dbo].[Province] ([ProvinceId], [ProvinceName], [ImageId]) VALUES (N'35', N'Lai Châu', N'35')
INSERT [dbo].[Province] ([ProvinceId], [ProvinceName], [ImageId]) VALUES (N'36', N'Lâm Đồng', N'36')
INSERT [dbo].[Province] ([ProvinceId], [ProvinceName], [ImageId]) VALUES (N'37', N'Lạng Sơn', N'37')
INSERT [dbo].[Province] ([ProvinceId], [ProvinceName], [ImageId]) VALUES (N'38', N'Lào Cai', N'38')
INSERT [dbo].[Province] ([ProvinceId], [ProvinceName], [ImageId]) VALUES (N'39', N'Long An', N'39')
INSERT [dbo].[Province] ([ProvinceId], [ProvinceName], [ImageId]) VALUES (N'4', N'Bắc Kạn', N'4')
INSERT [dbo].[Province] ([ProvinceId], [ProvinceName], [ImageId]) VALUES (N'40', N'Nam Định', N'40')
INSERT [dbo].[Province] ([ProvinceId], [ProvinceName], [ImageId]) VALUES (N'41', N'Nghệ An', N'41')
INSERT [dbo].[Province] ([ProvinceId], [ProvinceName], [ImageId]) VALUES (N'42', N'Ninh Bình', N'42')
INSERT [dbo].[Province] ([ProvinceId], [ProvinceName], [ImageId]) VALUES (N'43', N'Ninh Thuận', N'43')
INSERT [dbo].[Province] ([ProvinceId], [ProvinceName], [ImageId]) VALUES (N'44', N'Phú Thọ', N'44')
INSERT [dbo].[Province] ([ProvinceId], [ProvinceName], [ImageId]) VALUES (N'45', N'Phú Yên', N'45')
INSERT [dbo].[Province] ([ProvinceId], [ProvinceName], [ImageId]) VALUES (N'46', N'Quảng Bình', N'46')
INSERT [dbo].[Province] ([ProvinceId], [ProvinceName], [ImageId]) VALUES (N'47', N'Quảng Nam', N'47')
INSERT [dbo].[Province] ([ProvinceId], [ProvinceName], [ImageId]) VALUES (N'48', N'Quảng Ngãi', N'48')
INSERT [dbo].[Province] ([ProvinceId], [ProvinceName], [ImageId]) VALUES (N'49', N'Quảng Ninh', N'49')
INSERT [dbo].[Province] ([ProvinceId], [ProvinceName], [ImageId]) VALUES (N'5', N'Bạc Liêu', N'5')
INSERT [dbo].[Province] ([ProvinceId], [ProvinceName], [ImageId]) VALUES (N'50', N'Quảng Trị', N'50')
INSERT [dbo].[Province] ([ProvinceId], [ProvinceName], [ImageId]) VALUES (N'51', N'Sóc Trăng', N'51')
INSERT [dbo].[Province] ([ProvinceId], [ProvinceName], [ImageId]) VALUES (N'52', N'Sơn La', N'52')
INSERT [dbo].[Province] ([ProvinceId], [ProvinceName], [ImageId]) VALUES (N'53', N'Tây Ninh', N'53')
INSERT [dbo].[Province] ([ProvinceId], [ProvinceName], [ImageId]) VALUES (N'54', N'Thái Bình', N'54')
INSERT [dbo].[Province] ([ProvinceId], [ProvinceName], [ImageId]) VALUES (N'55', N'Thái Nguyên', N'55')
INSERT [dbo].[Province] ([ProvinceId], [ProvinceName], [ImageId]) VALUES (N'56', N'Thanh Hóa', N'56')
INSERT [dbo].[Province] ([ProvinceId], [ProvinceName], [ImageId]) VALUES (N'57', N'Thừa Thiên - Huế', N'57')
INSERT [dbo].[Province] ([ProvinceId], [ProvinceName], [ImageId]) VALUES (N'58', N'Tiền Giang', N'58')
INSERT [dbo].[Province] ([ProvinceId], [ProvinceName], [ImageId]) VALUES (N'59', N'Trà Vinh', N'59')
INSERT [dbo].[Province] ([ProvinceId], [ProvinceName], [ImageId]) VALUES (N'6', N'Bắc Ninh', N'6')
INSERT [dbo].[Province] ([ProvinceId], [ProvinceName], [ImageId]) VALUES (N'60', N'Tuyên Quang', N'60')
INSERT [dbo].[Province] ([ProvinceId], [ProvinceName], [ImageId]) VALUES (N'61', N'Vĩnh Long', N'61')
INSERT [dbo].[Province] ([ProvinceId], [ProvinceName], [ImageId]) VALUES (N'62', N'Vĩnh Phúc', N'62')
INSERT [dbo].[Province] ([ProvinceId], [ProvinceName], [ImageId]) VALUES (N'63', N'Yên Bái', N'63')
INSERT [dbo].[Province] ([ProvinceId], [ProvinceName], [ImageId]) VALUES (N'7', N'Bến Tre', N'7')
INSERT [dbo].[Province] ([ProvinceId], [ProvinceName], [ImageId]) VALUES (N'8', N'Bình Định', N'8')
INSERT [dbo].[Province] ([ProvinceId], [ProvinceName], [ImageId]) VALUES (N'9', N'Bình Dương', N'9')
GO
INSERT [dbo].[Admin] ([AdminId], [FullName]) VALUES (N'3', N'3')
GO
INSERT [dbo].[Manager] ([ManagerId], [FullName], [IsDeleted], [CreatedBy], [CreatedDate]) VALUES (N'2', N'2', 0, N'3', CAST(N'2002-02-02T00:00:00.0000000' AS DateTime2))
GO
INSERT [dbo].[Staff] ([StaffId], [FullName], [IsDeleted], [CreatedBy], [CreatedDate]) VALUES (N'1', N'1', 0, N'2', CAST(N'2001-01-01T00:00:00.0000000' AS DateTime2))
GO
INSERT [dbo].[TourDuration] ([DurationId], [DurationName], [NumberOfDay]) VALUES (N'1', N'Trong ngày', 1)
INSERT [dbo].[TourDuration] ([DurationId], [DurationName], [NumberOfDay]) VALUES (N'2', N'2 ngày 1 đêm', 2)
GO
INSERT [dbo].[TourCategory] ([TourCategoryId], [Name], [IsDeleted], [CreatedBy], [CreatedDate]) VALUES (N'1', N'Tour du lịch sinh thái', 0, N'2', CAST(N'2002-02-02T00:00:00.0000000' AS DateTime2))
INSERT [dbo].[TourCategory] ([TourCategoryId], [Name], [IsDeleted], [CreatedBy], [CreatedDate]) VALUES (N'2', N'Tour du lịch văn hoá', 0, N'2', CAST(N'2002-02-02T00:00:00.0000000' AS DateTime2))
INSERT [dbo].[TourCategory] ([TourCategoryId], [Name], [IsDeleted], [CreatedBy], [CreatedDate]) VALUES (N'3', N'Tour du lịch làng nghề truyền thống', 0, N'2', CAST(N'2002-02-02T00:00:00.0000000' AS DateTime2))
GO
INSERT [dbo].[TourTemplate] ([TourTemplateId], [Code], [TourName], [Description], [DurationId], [TourCategoryId], [Policy], [Note], [Status], [IsDeleted], [CreatedBy], [CreatedDate]) VALUES (N'1', N'US-SC', N'Cruickshank, Gutmann and Willms', N'Pellentesque at nulla. Suspendisse potenti. Cras in purus eu magna vulputate luctus.', N'2', N'3', N'In sagittis dui vel nisl. Duis ac nibh. Fusce lacus purus, aliquet at, feugiat non, pretium quis, lectus.

Suspendisse potenti. In eleifend quam a odio. In hac habitasse platea dictumst.', N'Nulla ut erat id mauris vulputate elementum. Nullam varius. Nulla facilisi.

Cras non velit nec nisi vulputate nonummy. Maecenas tincidunt lacus at velit. Vivamus vel nulla eget eros elementum pellentesque.

Quisque porta volutpat erat. Quisque erat eros, viverra eget, congue eget, semper rutrum, nulla. Nunc purus.', 0, 0, N'1', CAST(N'2024-06-12T00:00:00.0000000' AS DateTime2))
INSERT [dbo].[TourTemplate] ([TourTemplateId], [Code], [TourName], [Description], [DurationId], [TourCategoryId], [Policy], [Note], [Status], [IsDeleted], [CreatedBy], [CreatedDate]) VALUES (N'10', N'US-ND', N'Paucek-Hegmann', N'Maecenas leo odio, condimentum id, luctus nec, molestie sed, justo. Pellentesque viverra pede ac diam. Cras pellentesque volutpat dui.

Maecenas tristique, est et tempus semper, est quam pharetra magna, ac consequat metus sapien ut nunc. Vestibulum ante ipsum primis in faucibus orci luctus et ultrices posuere cubilia Curae; Mauris viverra diam vitae quam. Suspendisse potenti.', N'1', N'2', N'Nullam sit amet turpis elementum ligula vehicula consequat. Morbi a ipsum. Integer a nibh.', N'Morbi non lectus. Aliquam sit amet diam in magna bibendum imperdiet. Nullam orci pede, venenatis non, sodales sed, tincidunt eu, felis.

Fusce posuere felis sed lacus. Morbi sem mauris, laoreet ut, rhoncus aliquet, pulvinar sed, nisl. Nunc rhoncus dui vel sem.', 1, 0, N'1', CAST(N'2024-02-14T00:00:00.0000000' AS DateTime2))
INSERT [dbo].[TourTemplate] ([TourTemplateId], [Code], [TourName], [Description], [DurationId], [TourCategoryId], [Policy], [Note], [Status], [IsDeleted], [CreatedBy], [CreatedDate]) VALUES (N'11', N'PG-MPL', N'Brakus-Russel', N'Etiam vel augue. Vestibulum rutrum rutrum neque. Aenean auctor gravida sem.', N'2', N'1', N'Aenean fermentum. Donec ut mauris eget massa tempor convallis. Nulla neque libero, convallis eget, eleifend luctus, ultricies eu, nibh.', N'Donec diam neque, vestibulum eget, vulputate ut, ultrices vel, augue. Vestibulum ante ipsum primis in faucibus orci luctus et ultrices posuere cubilia Curae; Donec pharetra, magna vestibulum aliquet ultrices, erat tortor sollicitudin mi, sit amet lobortis sapien sapien non mi. Integer ac neque.

Duis bibendum. Morbi non quam nec dui luctus rutrum. Nulla tellus.', 2, 0, N'1', CAST(N'2024-08-06T00:00:00.0000000' AS DateTime2))
INSERT [dbo].[TourTemplate] ([TourTemplateId], [Code], [TourName], [Description], [DurationId], [TourCategoryId], [Policy], [Note], [Status], [IsDeleted], [CreatedBy], [CreatedDate]) VALUES (N'12', N'BR-SP', N'Goodwin-Klein', N'Cum sociis natoque penatibus et magnis dis parturient montes, nascetur ridiculus mus. Vivamus vestibulum sagittis sapien. Cum sociis natoque penatibus et magnis dis parturient montes, nascetur ridiculus mus.

Etiam vel augue. Vestibulum rutrum rutrum neque. Aenean auctor gravida sem.', N'1', N'1', N'Quisque id justo sit amet sapien dignissim vestibulum. Vestibulum ante ipsum primis in faucibus orci luctus et ultrices posuere cubilia Curae; Nulla dapibus dolor vel est. Donec odio justo, sollicitudin ut, suscipit a, feugiat et, eros.', N'Phasellus sit amet erat. Nulla tempus. Vivamus in felis eu sapien cursus vestibulum.

Proin eu mi. Nulla ac enim. In tempor, turpis nec euismod scelerisque, quam turpis adipiscing lorem, vitae mattis nibh ligula nec sem.

Duis aliquam convallis nunc. Proin at turpis a pede posuere nonummy. Integer non velit.', 3, 0, N'1', CAST(N'2024-06-16T00:00:00.0000000' AS DateTime2))
INSERT [dbo].[TourTemplate] ([TourTemplateId], [Code], [TourName], [Description], [DurationId], [TourCategoryId], [Policy], [Note], [Status], [IsDeleted], [CreatedBy], [CreatedDate]) VALUES (N'13', N'BR-BA', N'Graham, Gulgowski and Homenick', N'Proin eu mi. Nulla ac enim. In tempor, turpis nec euismod scelerisque, quam turpis adipiscing lorem, vitae mattis nibh ligula nec sem.', N'2', N'2', N'Nulla ut erat id mauris vulputate elementum. Nullam varius. Nulla facilisi.

Cras non velit nec nisi vulputate nonummy. Maecenas tincidunt lacus at velit. Vivamus vel nulla eget eros elementum pellentesque.', N'Praesent blandit. Nam nulla. Integer pede justo, lacinia eget, tincidunt eget, tempus vel, pede.

Morbi porttitor lorem id ligula. Suspendisse ornare consequat lectus. In est risus, auctor sed, tristique in, tempus sit amet, sem.

Fusce consequat. Nulla nisl. Nunc nisl.', 0, 0, N'1', CAST(N'2023-10-04T00:00:00.0000000' AS DateTime2))
INSERT [dbo].[TourTemplate] ([TourTemplateId], [Code], [TourName], [Description], [DurationId], [TourCategoryId], [Policy], [Note], [Status], [IsDeleted], [CreatedBy], [CreatedDate]) VALUES (N'14', N'RU-SA', N'Lynch-Johns', N'Aliquam quis turpis eget elit sodales scelerisque. Mauris sit amet eros. Suspendisse accumsan tortor quis turpis.

Sed ante. Vivamus tortor. Duis mattis egestas metus.', N'1', N'2', N'Phasellus in felis. Donec semper sapien a libero. Nam dui.

Proin leo odio, porttitor id, consequat in, consequat ut, nulla. Sed accumsan felis. Ut at dolor quis odio consequat varius.', N'Duis bibendum. Morbi non quam nec dui luctus rutrum. Nulla tellus.

In sagittis dui vel nisl. Duis ac nibh. Fusce lacus purus, aliquet at, feugiat non, pretium quis, lectus.

Suspendisse potenti. In eleifend quam a odio. In hac habitasse platea dictumst.', 0, 0, N'1', CAST(N'2024-02-02T00:00:00.0000000' AS DateTime2))
INSERT [dbo].[TourTemplate] ([TourTemplateId], [Code], [TourName], [Description], [DurationId], [TourCategoryId], [Policy], [Note], [Status], [IsDeleted], [CreatedBy], [CreatedDate]) VALUES (N'15', N'MX-CHP', N'Gusikowski-Renner', N'Mauris enim leo, rhoncus sed, vestibulum sit amet, cursus id, turpis. Integer aliquet, massa id lobortis convallis, tortor risus dapibus augue, vel accumsan tellus nisi eu orci. Mauris lacinia sapien quis libero.

Nullam sit amet turpis elementum ligula vehicula consequat. Morbi a ipsum. Integer a nibh.

In quis justo. Maecenas rhoncus aliquam lacus. Morbi quis tortor id nulla ultrices aliquet.', N'2', N'3', N'Maecenas ut massa quis augue luctus tincidunt. Nulla mollis molestie lorem. Quisque ut erat.

Curabitur gravida nisi at nibh. In hac habitasse platea dictumst. Aliquam augue quam, sollicitudin vitae, consectetuer eget, rutrum at, lorem.', N'Nulla ut erat id mauris vulputate elementum. Nullam varius. Nulla facilisi.

Cras non velit nec nisi vulputate nonummy. Maecenas tincidunt lacus at velit. Vivamus vel nulla eget eros elementum pellentesque.

Quisque porta volutpat erat. Quisque erat eros, viverra eget, congue eget, semper rutrum, nulla. Nunc purus.', 1, 0, N'1', CAST(N'2023-10-24T00:00:00.0000000' AS DateTime2))
INSERT [dbo].[TourTemplate] ([TourTemplateId], [Code], [TourName], [Description], [DurationId], [TourCategoryId], [Policy], [Note], [Status], [IsDeleted], [CreatedBy], [CreatedDate]) VALUES (N'16', N'FR-E', N'Dach and Sons', N'In quis justo. Maecenas rhoncus aliquam lacus. Morbi quis tortor id nulla ultrices aliquet.', N'1', N'1', N'Fusce posuere felis sed lacus. Morbi sem mauris, laoreet ut, rhoncus aliquet, pulvinar sed, nisl. Nunc rhoncus dui vel sem.

Sed sagittis. Nam congue, risus semper porta volutpat, quam pede lobortis ligula, sit amet eleifend pede libero quis orci. Nullam molestie nibh in lectus.

Pellentesque at nulla. Suspendisse potenti. Cras in purus eu magna vulputate luctus.', N'Quisque porta volutpat erat. Quisque erat eros, viverra eget, congue eget, semper rutrum, nulla. Nunc purus.

Phasellus in felis. Donec semper sapien a libero. Nam dui.', 0, 0, N'1', CAST(N'2024-05-16T00:00:00.0000000' AS DateTime2))
INSERT [dbo].[TourTemplate] ([TourTemplateId], [Code], [TourName], [Description], [DurationId], [TourCategoryId], [Policy], [Note], [Status], [IsDeleted], [CreatedBy], [CreatedDate]) VALUES (N'17', N'SE-E', N'Reynolds-Feil', N'Quisque id justo sit amet sapien dignissim vestibulum. Vestibulum ante ipsum primis in faucibus orci luctus et ultrices posuere cubilia Curae; Nulla dapibus dolor vel est. Donec odio justo, sollicitudin ut, suscipit a, feugiat et, eros.

Vestibulum ac est lacinia nisi venenatis tristique. Fusce congue, diam id ornare imperdiet, sapien urna pretium nisl, ut volutpat sapien arcu sed augue. Aliquam erat volutpat.', N'1', N'3', N'Duis aliquam convallis nunc. Proin at turpis a pede posuere nonummy. Integer non velit.', N'Curabitur in libero ut massa volutpat convallis. Morbi odio odio, elementum eu, interdum eu, tincidunt in, leo. Maecenas pulvinar lobortis est.', 0, 0, N'1', CAST(N'2024-03-15T00:00:00.0000000' AS DateTime2))
INSERT [dbo].[TourTemplate] ([TourTemplateId], [Code], [TourName], [Description], [DurationId], [TourCategoryId], [Policy], [Note], [Status], [IsDeleted], [CreatedBy], [CreatedDate]) VALUES (N'18', N'TR-57', N'Zboncak LLC', N'Etiam vel augue. Vestibulum rutrum rutrum neque. Aenean auctor gravida sem.

Praesent id massa id nisl venenatis lacinia. Aenean sit amet justo. Morbi ut odio.', N'1', N'3', N'Vestibulum ac est lacinia nisi venenatis tristique. Fusce congue, diam id ornare imperdiet, sapien urna pretium nisl, ut volutpat sapien arcu sed augue. Aliquam erat volutpat.

In congue. Etiam justo. Etiam pretium iaculis justo.', N'Duis consequat dui nec nisi volutpat eleifend. Donec ut dolor. Morbi vel lectus in quam fringilla rhoncus.

Mauris enim leo, rhoncus sed, vestibulum sit amet, cursus id, turpis. Integer aliquet, massa id lobortis convallis, tortor risus dapibus augue, vel accumsan tellus nisi eu orci. Mauris lacinia sapien quis libero.

Nullam sit amet turpis elementum ligula vehicula consequat. Morbi a ipsum. Integer a nibh.', 3, 0, N'1', CAST(N'2024-03-31T00:00:00.0000000' AS DateTime2))
INSERT [dbo].[TourTemplate] ([TourTemplateId], [Code], [TourName], [Description], [DurationId], [TourCategoryId], [Policy], [Note], [Status], [IsDeleted], [CreatedBy], [CreatedDate]) VALUES (N'19', N'US-OR', N'Doyle, Boehm and Volkman', N'Duis bibendum. Morbi non quam nec dui luctus rutrum. Nulla tellus.

In sagittis dui vel nisl. Duis ac nibh. Fusce lacus purus, aliquet at, feugiat non, pretium quis, lectus.

Suspendisse potenti. In eleifend quam a odio. In hac habitasse platea dictumst.', N'2', N'3', N'Aenean fermentum. Donec ut mauris eget massa tempor convallis. Nulla neque libero, convallis eget, eleifend luctus, ultricies eu, nibh.

Quisque id justo sit amet sapien dignissim vestibulum. Vestibulum ante ipsum primis in faucibus orci luctus et ultrices posuere cubilia Curae; Nulla dapibus dolor vel est. Donec odio justo, sollicitudin ut, suscipit a, feugiat et, eros.', N'Quisque porta volutpat erat. Quisque erat eros, viverra eget, congue eget, semper rutrum, nulla. Nunc purus.', 0, 0, N'1', CAST(N'2023-10-09T00:00:00.0000000' AS DateTime2))
INSERT [dbo].[TourTemplate] ([TourTemplateId], [Code], [TourName], [Description], [DurationId], [TourCategoryId], [Policy], [Note], [Status], [IsDeleted], [CreatedBy], [CreatedDate]) VALUES (N'2', N'FR-H', N'Buckridge Inc', N'Mauris enim leo, rhoncus sed, vestibulum sit amet, cursus id, turpis. Integer aliquet, massa id lobortis convallis, tortor risus dapibus augue, vel accumsan tellus nisi eu orci. Mauris lacinia sapien quis libero.

Nullam sit amet turpis elementum ligula vehicula consequat. Morbi a ipsum. Integer a nibh.', N'2', N'1', N'Phasellus sit amet erat. Nulla tempus. Vivamus in felis eu sapien cursus vestibulum.

Proin eu mi. Nulla ac enim. In tempor, turpis nec euismod scelerisque, quam turpis adipiscing lorem, vitae mattis nibh ligula nec sem.', N'Phasellus in felis. Donec semper sapien a libero. Nam dui.

Proin leo odio, porttitor id, consequat in, consequat ut, nulla. Sed accumsan felis. Ut at dolor quis odio consequat varius.

Integer ac leo. Pellentesque ultrices mattis odio. Donec vitae nisi.', 2, 0, N'1', CAST(N'2023-12-04T00:00:00.0000000' AS DateTime2))
INSERT [dbo].[TourTemplate] ([TourTemplateId], [Code], [TourName], [Description], [DurationId], [TourCategoryId], [Policy], [Note], [Status], [IsDeleted], [CreatedBy], [CreatedDate]) VALUES (N'20', N'ES-AN', N'Schaefer-Smith', N'Duis bibendum. Morbi non quam nec dui luctus rutrum. Nulla tellus.

In sagittis dui vel nisl. Duis ac nibh. Fusce lacus purus, aliquet at, feugiat non, pretium quis, lectus.

Suspendisse potenti. In eleifend quam a odio. In hac habitasse platea dictumst.', N'1', N'2', N'Fusce consequat. Nulla nisl. Nunc nisl.

Duis bibendum, felis sed interdum venenatis, turpis enim blandit mi, in porttitor pede justo eu massa. Donec dapibus. Duis at velit eu est congue elementum.', N'Cras non velit nec nisi vulputate nonummy. Maecenas tincidunt lacus at velit. Vivamus vel nulla eget eros elementum pellentesque.', 0, 0, N'1', CAST(N'2024-05-06T00:00:00.0000000' AS DateTime2))
INSERT [dbo].[TourTemplate] ([TourTemplateId], [Code], [TourName], [Description], [DurationId], [TourCategoryId], [Policy], [Note], [Status], [IsDeleted], [CreatedBy], [CreatedDate]) VALUES (N'3', N'US-AK', N'Grant-Bartell', N'Fusce posuere felis sed lacus. Morbi sem mauris, laoreet ut, rhoncus aliquet, pulvinar sed, nisl. Nunc rhoncus dui vel sem.

Sed sagittis. Nam congue, risus semper porta volutpat, quam pede lobortis ligula, sit amet eleifend pede libero quis orci. Nullam molestie nibh in lectus.

Pellentesque at nulla. Suspendisse potenti. Cras in purus eu magna vulputate luctus.', N'1', N'2', N'Morbi non lectus. Aliquam sit amet diam in magna bibendum imperdiet. Nullam orci pede, venenatis non, sodales sed, tincidunt eu, felis.', N'Vestibulum ac est lacinia nisi venenatis tristique. Fusce congue, diam id ornare imperdiet, sapien urna pretium nisl, ut volutpat sapien arcu sed augue. Aliquam erat volutpat.

In congue. Etiam justo. Etiam pretium iaculis justo.', 0, 0, N'1', CAST(N'2024-03-28T00:00:00.0000000' AS DateTime2))
INSERT [dbo].[TourTemplate] ([TourTemplateId], [Code], [TourName], [Description], [DurationId], [TourCategoryId], [Policy], [Note], [Status], [IsDeleted], [CreatedBy], [CreatedDate]) VALUES (N'4', N'ET-AM', N'Schaden-Bergstrom', N'Phasellus sit amet erat. Nulla tempus. Vivamus in felis eu sapien cursus vestibulum.', N'1', N'3', N'Vestibulum quam sapien, varius ut, blandit non, interdum in, ante. Vestibulum ante ipsum primis in faucibus orci luctus et ultrices posuere cubilia Curae; Duis faucibus accumsan odio. Curabitur convallis.', N'Nam ultrices, libero non mattis pulvinar, nulla pede ullamcorper augue, a suscipit nulla elit ac nulla. Sed vel enim sit amet nunc viverra dapibus. Nulla suscipit ligula in lacus.

Curabitur at ipsum ac tellus semper interdum. Mauris ullamcorper purus sit amet nulla. Quisque arcu libero, rutrum ac, lobortis vel, dapibus at, diam.', 0, 0, N'1', CAST(N'2023-10-01T00:00:00.0000000' AS DateTime2))
INSERT [dbo].[TourTemplate] ([TourTemplateId], [Code], [TourName], [Description], [DurationId], [TourCategoryId], [Policy], [Note], [Status], [IsDeleted], [CreatedBy], [CreatedDate]) VALUES (N'5', N'TN-11', N'Osinski, Johnson and Witting', N'Maecenas ut massa quis augue luctus tincidunt. Nulla mollis molestie lorem. Quisque ut erat.', N'1', N'3', N'Cras non velit nec nisi vulputate nonummy. Maecenas tincidunt lacus at velit. Vivamus vel nulla eget eros elementum pellentesque.

Quisque porta volutpat erat. Quisque erat eros, viverra eget, congue eget, semper rutrum, nulla. Nunc purus.', N'Sed sagittis. Nam congue, risus semper porta volutpat, quam pede lobortis ligula, sit amet eleifend pede libero quis orci. Nullam molestie nibh in lectus.', 0, 0, N'1', CAST(N'2024-06-28T00:00:00.0000000' AS DateTime2))
INSERT [dbo].[TourTemplate] ([TourTemplateId], [Code], [TourName], [Description], [DurationId], [TourCategoryId], [Policy], [Note], [Status], [IsDeleted], [CreatedBy], [CreatedDate]) VALUES (N'6', N'US-HI', N'Kerluke and Sons', N'Fusce posuere felis sed lacus. Morbi sem mauris, laoreet ut, rhoncus aliquet, pulvinar sed, nisl. Nunc rhoncus dui vel sem.

Sed sagittis. Nam congue, risus semper porta volutpat, quam pede lobortis ligula, sit amet eleifend pede libero quis orci. Nullam molestie nibh in lectus.', N'2', N'3', N'In hac habitasse platea dictumst. Etiam faucibus cursus urna. Ut tellus.

Nulla ut erat id mauris vulputate elementum. Nullam varius. Nulla facilisi.', N'Mauris enim leo, rhoncus sed, vestibulum sit amet, cursus id, turpis. Integer aliquet, massa id lobortis convallis, tortor risus dapibus augue, vel accumsan tellus nisi eu orci. Mauris lacinia sapien quis libero.', 0, 0, N'1', CAST(N'2024-06-04T00:00:00.0000000' AS DateTime2))
INSERT [dbo].[TourTemplate] ([TourTemplateId], [Code], [TourName], [Description], [DurationId], [TourCategoryId], [Policy], [Note], [Status], [IsDeleted], [CreatedBy], [CreatedDate]) VALUES (N'7', N'US-IA', N'Turner-Abshire', N'Phasellus in felis. Donec semper sapien a libero. Nam dui.', N'2', N'2', N'Vestibulum ac est lacinia nisi venenatis tristique. Fusce congue, diam id ornare imperdiet, sapien urna pretium nisl, ut volutpat sapien arcu sed augue. Aliquam erat volutpat.', N'Praesent id massa id nisl venenatis lacinia. Aenean sit amet justo. Morbi ut odio.', 0, 0, N'1', CAST(N'2024-03-28T00:00:00.0000000' AS DateTime2))
INSERT [dbo].[TourTemplate] ([TourTemplateId], [Code], [TourName], [Description], [DurationId], [TourCategoryId], [Policy], [Note], [Status], [IsDeleted], [CreatedBy], [CreatedDate]) VALUES (N'8', N'GB-SCT', N'Kuhn, Block and Tromp', N'Morbi non lectus. Aliquam sit amet diam in magna bibendum imperdiet. Nullam orci pede, venenatis non, sodales sed, tincidunt eu, felis.

Fusce posuere felis sed lacus. Morbi sem mauris, laoreet ut, rhoncus aliquet, pulvinar sed, nisl. Nunc rhoncus dui vel sem.', N'1', N'1', N'Integer ac leo. Pellentesque ultrices mattis odio. Donec vitae nisi.

Nam ultrices, libero non mattis pulvinar, nulla pede ullamcorper augue, a suscipit nulla elit ac nulla. Sed vel enim sit amet nunc viverra dapibus. Nulla suscipit ligula in lacus.', N'Vestibulum quam sapien, varius ut, blandit non, interdum in, ante. Vestibulum ante ipsum primis in faucibus orci luctus et ultrices posuere cubilia Curae; Duis faucibus accumsan odio. Curabitur convallis.

Duis consequat dui nec nisi volutpat eleifend. Donec ut dolor. Morbi vel lectus in quam fringilla rhoncus.

Mauris enim leo, rhoncus sed, vestibulum sit amet, cursus id, turpis. Integer aliquet, massa id lobortis convallis, tortor risus dapibus augue, vel accumsan tellus nisi eu orci. Mauris lacinia sapien quis libero.', 0, 0, N'1', CAST(N'2024-09-30T00:00:00.0000000' AS DateTime2))
INSERT [dbo].[TourTemplate] ([TourTemplateId], [Code], [TourName], [Description], [DurationId], [TourCategoryId], [Policy], [Note], [Status], [IsDeleted], [CreatedBy], [CreatedDate]) VALUES (N'9', N'IN-PB', N'Cronin-Emard', N'Sed ante. Vivamus tortor. Duis mattis egestas metus.

Aenean fermentum. Donec ut mauris eget massa tempor convallis. Nulla neque libero, convallis eget, eleifend luctus, ultricies eu, nibh.

Quisque id justo sit amet sapien dignissim vestibulum. Vestibulum ante ipsum primis in faucibus orci luctus et ultrices posuere cubilia Curae; Nulla dapibus dolor vel est. Donec odio justo, sollicitudin ut, suscipit a, feugiat et, eros.', N'1', N'3', N'Proin interdum mauris non ligula pellentesque ultrices. Phasellus id sapien in sapien iaculis congue. Vivamus metus arcu, adipiscing molestie, hendrerit at, vulputate vitae, nisl.

Aenean lectus. Pellentesque eget nunc. Donec quis orci eget orci vehicula condimentum.

Curabitur in libero ut massa volutpat convallis. Morbi odio odio, elementum eu, interdum eu, tincidunt in, leo. Maecenas pulvinar lobortis est.', N'Proin interdum mauris non ligula pellentesque ultrices. Phasellus id sapien in sapien iaculis congue. Vivamus metus arcu, adipiscing molestie, hendrerit at, vulputate vitae, nisl.

Aenean lectus. Pellentesque eget nunc. Donec quis orci eget orci vehicula condimentum.', 0, 0, N'1', CAST(N'2023-11-03T00:00:00.0000000' AS DateTime2))
GO
INSERT [dbo].[Tour] ([TourId], [TourTemplateId], [StartLocation], [StartTime], [StartDate], [EndDate], [Price], [MaxParticipant], [MinParticipant], [CurrentParticipant], [Status], [IsDeleted], [CreatedBy], [CreatedDate]) VALUES (N'1', N'1', N'1', CAST(N'01:01:00' AS Time), CAST(N'2001-01-01' AS Date), CAST(N'2002-02-02' AS Date), CAST(100000.00 AS Decimal(18, 2)), 10, 5, 0, 0, 0, N'1', CAST(N'2001-01-01T00:00:00.0000000' AS DateTime2))
INSERT [dbo].[Tour] ([TourId], [TourTemplateId], [StartLocation], [StartTime], [StartDate], [EndDate], [Price], [MaxParticipant], [MinParticipant], [CurrentParticipant], [Status], [IsDeleted], [CreatedBy], [CreatedDate]) VALUES (N'2', N'2', N'2', CAST(N'02:02:00' AS Time), CAST(N'2002-02-02' AS Date), CAST(N'2003-03-03' AS Date), CAST(200000.00 AS Decimal(18, 2)), 20, 10, 0, 0, 0, N'1', CAST(N'2001-01-01T00:00:00.0000000' AS DateTime2))
INSERT [dbo].[Tour] ([TourId], [TourTemplateId], [StartLocation], [StartTime], [StartDate], [EndDate], [Price], [MaxParticipant], [MinParticipant], [CurrentParticipant], [Status], [IsDeleted], [CreatedBy], [CreatedDate]) VALUES (N'3', N'3', N'3', CAST(N'03:03:00' AS Time), CAST(N'2003-03-03' AS Date), CAST(N'2004-04-04' AS Date), CAST(300000.00 AS Decimal(18, 2)), 30, 15, 0, 0, 0, N'1', CAST(N'2001-01-01T00:00:00.0000000' AS DateTime2))
INSERT [dbo].[Tour] ([TourId], [TourTemplateId], [StartLocation], [StartTime], [StartDate], [EndDate], [Price], [MaxParticipant], [MinParticipant], [CurrentParticipant], [Status], [IsDeleted], [CreatedBy], [CreatedDate]) VALUES (N'4', N'4', N'4', CAST(N'04:04:00' AS Time), CAST(N'2004-04-04' AS Date), CAST(N'2005-05-05' AS Date), CAST(400000.00 AS Decimal(18, 2)), 40, 20, 0, 0, 0, N'1', CAST(N'2001-01-01T00:00:00.0000000' AS DateTime2))
GO
INSERT [dbo].[AttractionType] ([AttractionTypeId], [Name], [Description], [IsDeleted], [CreatedBy], [CreatedDate]) VALUES (N'1', N'Bảo tàng', N'1', 0, N'2', CAST(N'2001-01-01T00:00:00.0000000' AS DateTime2))
INSERT [dbo].[AttractionType] ([AttractionTypeId], [Name], [Description], [IsDeleted], [CreatedBy], [CreatedDate]) VALUES (N'2', N'Công viên', N'2', 0, N'2', CAST(N'2002-02-02T00:00:00.0000000' AS DateTime2))
INSERT [dbo].[AttractionType] ([AttractionTypeId], [Name], [Description], [IsDeleted], [CreatedBy], [CreatedDate]) VALUES (N'3', N'Di tích lịch sử', N'3', 0, N'2', CAST(N'2002-02-02T00:00:00.0000000' AS DateTime2))
INSERT [dbo].[AttractionType] ([AttractionTypeId], [Name], [Description], [IsDeleted], [CreatedBy], [CreatedDate]) VALUES (N'4', N'Kì quan thiên nhiên', N'4', 0, N'2', CAST(N'2002-02-02T00:00:00.0000000' AS DateTime2))
GO
INSERT [dbo].[Attraction] ([AttractionId], [Name], [Address], [ContactInfo], [Website], [Description], [ProvinceId], [AttractionTypeId], [GooglePlaceId], [IsDeleted], [CreatedBy], [CreatedDate], [Status]) VALUES (N'1', N'Artisan', N'354 North Center', N'umanuel0@wisc.edu', N'https://qq.com/ridiculus/mus/vivamus/vestibulum.png?mauris=augue&enim=vestibulum&leo=ante&rhoncus=ipsum&sed=primis&vestibulum=in&sit=faucibus&amet=orci&cursus=luctus&id=et&turpis=ultrices&integer=posuere&aliquet=cubilia&massa=curae&id=donec&lobortis=pharetra&convallis=magna&tortor=vestibulum&risus=aliquet&dapibus=ultrices&augue=erat&vel=tortor&accumsan=sollicitudin&tellus=mi&nisi=sit&eu=amet&orci=lobortis&mauris=sapien&lacinia=sapien&sapien=non', N'Etiam vel augue. Vestibulum rutrum rutrum neque. Aenean auctor gravida sem.', N'17', N'1', N'231.208.63.57', 0, N'1', CAST(N'2024-03-01T00:00:00.0000000' AS DateTime2), 1)
INSERT [dbo].[Attraction] ([AttractionId], [Name], [Address], [ContactInfo], [Website], [Description], [ProvinceId], [AttractionTypeId], [GooglePlaceId], [IsDeleted], [CreatedBy], [CreatedDate], [Status]) VALUES (N'10', N'Shoshone', N'65158 Red Cloud Plaza', N'aosorio9@webs.com', N'https://stumbleupon.com/elit/ac/nulla/sed/vel/enim.js?vulputate=eget&nonummy=rutrum&maecenas=at&tincidunt=lorem&lacus=integer&at=tincidunt&velit=ante&vivamus=vel&vel=ipsum&nulla=praesent&eget=blandit&eros=lacinia&elementum=erat&pellentesque=vestibulum&quisque=sed&porta=magna&volutpat=at&erat=nunc&quisque=commodo&erat=placerat&eros=praesent&viverra=blandit&eget=nam&congue=nulla&eget=integer&semper=pede&rutrum=justo&nulla=lacinia&nunc=eget&purus=tincidunt&phasellus=eget&in=tempus&felis=vel&donec=pede&semper=morbi&sapien=porttitor&a=lorem&libero=id&nam=ligula&dui=suspendisse&proin=ornare&leo=consequat&odio=lectus&porttitor=in&id=est&consequat=risus&in=auctor&consequat=sed&ut=tristique&nulla=in&sed=tempus&accumsan=sit&felis=amet&ut=sem&at=fusce&dolor=consequat&quis=nulla&odio=nisl&consequat=nunc&varius=nisl&integer=duis&ac=bibendum&leo=felis&pellentesque=sed&ultrices=interdum&mattis=venenatis&odio=turpis&donec=enim&vitae=blandit&nisi=mi&nam=in&ultrices=porttitor&libero=pede&non=justo&mattis=eu&pulvinar=massa&nulla=donec&pede=dapibus&ullamcorper=duis&augue=at&a=velit&suscipit=eu&nulla=est&elit=congue&ac=elementum&nulla=in&sed=hac&vel=habitasse&enim=platea&sit=dictumst&amet=morbi&nunc=vestibulum&viverra=velit&dapibus=id&nulla=pretium&suscipit=iaculis&ligula=diam', N'Mauris enim leo, rhoncus sed, vestibulum sit amet, cursus id, turpis. Integer aliquet, massa id lobortis convallis, tortor risus dapibus augue, vel accumsan tellus nisi eu orci. Mauris lacinia sapien quis libero.', N'22', N'3', N'36.176.190.180', 0, N'1', CAST(N'2024-07-12T00:00:00.0000000' AS DateTime2), 1)
INSERT [dbo].[Attraction] ([AttractionId], [Name], [Address], [ContactInfo], [Website], [Description], [ProvinceId], [AttractionTypeId], [GooglePlaceId], [IsDeleted], [CreatedBy], [CreatedDate], [Status]) VALUES (N'11', N'Dakota', N'1 Schlimgen Way', N'lmaniloa@canalblog.com', N'https://icq.com/lacinia/aenean/sit/amet/justo/morbi/ut.jsp?ut=proin&tellus=leo&nulla=odio&ut=porttitor&erat=id&id=consequat&mauris=in&vulputate=consequat&elementum=ut&nullam=nulla&varius=sed&nulla=accumsan&facilisi=felis&cras=ut&non=at&velit=dolor&nec=quis&nisi=odio&vulputate=consequat&nonummy=varius&maecenas=integer&tincidunt=ac&lacus=leo&at=pellentesque&velit=ultrices&vivamus=mattis&vel=odio&nulla=donec&eget=vitae&eros=nisi&elementum=nam&pellentesque=ultrices&quisque=libero&porta=non&volutpat=mattis&erat=pulvinar&quisque=nulla&erat=pede&eros=ullamcorper&viverra=augue&eget=a&congue=suscipit&eget=nulla&semper=elit&rutrum=ac&nulla=nulla&nunc=sed&purus=vel&phasellus=enim&in=sit&felis=amet&donec=nunc&semper=viverra&sapien=dapibus&a=nulla&libero=suscipit&nam=ligula&dui=in&proin=lacus&leo=curabitur&odio=at&porttitor=ipsum&id=ac&consequat=tellus&in=semper&consequat=interdum&ut=mauris&nulla=ullamcorper&sed=purus&accumsan=sit&felis=amet&ut=nulla&at=quisque&dolor=arcu&quis=libero&odio=rutrum&consequat=ac&varius=lobortis&integer=vel&ac=dapibus&leo=at&pellentesque=diam&ultrices=nam&mattis=tristique&odio=tortor&donec=eu&vitae=pede', N'In sagittis dui vel nisl. Duis ac nibh. Fusce lacus purus, aliquet at, feugiat non, pretium quis, lectus.

Suspendisse potenti. In eleifend quam a odio. In hac habitasse platea dictumst.', N'10', N'2', N'234.245.114.93', 0, N'1', CAST(N'2024-04-17T00:00:00.0000000' AS DateTime2), 1)
INSERT [dbo].[Attraction] ([AttractionId], [Name], [Address], [ContactInfo], [Website], [Description], [ProvinceId], [AttractionTypeId], [GooglePlaceId], [IsDeleted], [CreatedBy], [CreatedDate], [Status]) VALUES (N'12', N'Meadow Vale', N'61 Forest Dale Hill', N'kmarchellib@usda.gov', N'http://columbia.edu/pellentesque.jsp?nam=dictumst&congue=morbi&risus=vestibulum&semper=velit&porta=id&volutpat=pretium&quam=iaculis&pede=diam&lobortis=erat', N'Fusce posuere felis sed lacus. Morbi sem mauris, laoreet ut, rhoncus aliquet, pulvinar sed, nisl. Nunc rhoncus dui vel sem.', N'29', N'1', N'4.199.95.125', 0, N'1', CAST(N'2024-05-19T00:00:00.0000000' AS DateTime2), 1)
INSERT [dbo].[Attraction] ([AttractionId], [Name], [Address], [ContactInfo], [Website], [Description], [ProvinceId], [AttractionTypeId], [GooglePlaceId], [IsDeleted], [CreatedBy], [CreatedDate], [Status]) VALUES (N'13', N'Red Cloud', N'12295 Mariners Cove Plaza', N'dboddc@wufoo.com', N'https://smugmug.com/justo/aliquam/quis/turpis.html?ut=porta&rhoncus=volutpat&aliquet=erat&pulvinar=quisque&sed=erat&nisl=eros&nunc=viverra&rhoncus=eget&dui=congue&vel=eget&sem=semper&sed=rutrum&sagittis=nulla&nam=nunc&congue=purus&risus=phasellus&semper=in&porta=felis&volutpat=donec&quam=semper&pede=sapien&lobortis=a&ligula=libero', N'Morbi non lectus. Aliquam sit amet diam in magna bibendum imperdiet. Nullam orci pede, venenatis non, sodales sed, tincidunt eu, felis.

Fusce posuere felis sed lacus. Morbi sem mauris, laoreet ut, rhoncus aliquet, pulvinar sed, nisl. Nunc rhoncus dui vel sem.', N'13', N'4', N'96.220.240.17', 0, N'1', CAST(N'2024-08-05T00:00:00.0000000' AS DateTime2), 1)
INSERT [dbo].[Attraction] ([AttractionId], [Name], [Address], [ContactInfo], [Website], [Description], [ProvinceId], [AttractionTypeId], [GooglePlaceId], [IsDeleted], [CreatedBy], [CreatedDate], [Status]) VALUES (N'14', N'Hovde', N'424 Saint Paul Center', N'abattershalld@netvibes.com', N'https://theatlantic.com/nam/ultrices/libero/non.xml?fringilla=amet&rhoncus=justo&mauris=morbi&enim=ut&leo=odio&rhoncus=cras&sed=mi&vestibulum=pede&sit=malesuada&amet=in&cursus=imperdiet&id=et&turpis=commodo&integer=vulputate&aliquet=justo&massa=in&id=blandit&lobortis=ultrices&convallis=enim&tortor=lorem&risus=ipsum&dapibus=dolor&augue=sit&vel=amet&accumsan=consectetuer&tellus=adipiscing&nisi=elit&eu=proin&orci=interdum&mauris=mauris&lacinia=non&sapien=ligula&quis=pellentesque&libero=ultrices&nullam=phasellus&sit=id&amet=sapien&turpis=in&elementum=sapien&ligula=iaculis&vehicula=congue&consequat=vivamus&morbi=metus&a=arcu&ipsum=adipiscing&integer=molestie&a=hendrerit&nibh=at&in=vulputate&quis=vitae&justo=nisl&maecenas=aenean&rhoncus=lectus&aliquam=pellentesque&lacus=eget&morbi=nunc&quis=donec&tortor=quis&id=orci&nulla=eget&ultrices=orci&aliquet=vehicula&maecenas=condimentum&leo=curabitur&odio=in&condimentum=libero&id=ut&luctus=massa&nec=volutpat&molestie=convallis&sed=morbi&justo=odio&pellentesque=odio&viverra=elementum&pede=eu&ac=interdum&diam=eu&cras=tincidunt&pellentesque=in&volutpat=leo&dui=maecenas&maecenas=pulvinar&tristique=lobortis&est=est&et=phasellus', N'Fusce posuere felis sed lacus. Morbi sem mauris, laoreet ut, rhoncus aliquet, pulvinar sed, nisl. Nunc rhoncus dui vel sem.', N'15', N'4', N'50.172.2.36', 0, N'1', CAST(N'2023-11-17T00:00:00.0000000' AS DateTime2), 1)
INSERT [dbo].[Attraction] ([AttractionId], [Name], [Address], [ContactInfo], [Website], [Description], [ProvinceId], [AttractionTypeId], [GooglePlaceId], [IsDeleted], [CreatedBy], [CreatedDate], [Status]) VALUES (N'15', N'Morning', N'82930 Gulseth Point', N'bstudderte@howstuffworks.com', N'http://meetup.com/consectetuer/adipiscing/elit/proin/interdum/mauris/non.xml?nec=amet&molestie=diam&sed=in&justo=magna&pellentesque=bibendum&viverra=imperdiet&pede=nullam&ac=orci&diam=pede&cras=venenatis&pellentesque=non&volutpat=sodales&dui=sed&maecenas=tincidunt&tristique=eu&est=felis&et=fusce&tempus=posuere&semper=felis&est=sed&quam=lacus&pharetra=morbi&magna=sem&ac=mauris', N'Maecenas leo odio, condimentum id, luctus nec, molestie sed, justo. Pellentesque viverra pede ac diam. Cras pellentesque volutpat dui.', N'60', N'3', N'148.242.120.249', 0, N'1', CAST(N'2024-01-13T00:00:00.0000000' AS DateTime2), 1)
INSERT [dbo].[Attraction] ([AttractionId], [Name], [Address], [ContactInfo], [Website], [Description], [ProvinceId], [AttractionTypeId], [GooglePlaceId], [IsDeleted], [CreatedBy], [CreatedDate], [Status]) VALUES (N'16', N'Katie', N'7 Mosinee Hill', N'aparagreenf@cafepress.com', N'https://noaa.gov/non/velit/donec/diam/neque.json?vestibulum=luctus&velit=tincidunt&id=nulla&pretium=mollis&iaculis=molestie&diam=lorem&erat=quisque&fermentum=ut&justo=erat&nec=curabitur&condimentum=gravida&neque=nisi&sapien=at&placerat=nibh&ante=in&nulla=hac&justo=habitasse&aliquam=platea&quis=dictumst&turpis=aliquam&eget=augue&elit=quam&sodales=sollicitudin&scelerisque=vitae&mauris=consectetuer&sit=eget&amet=rutrum&eros=at&suspendisse=lorem&accumsan=integer&tortor=tincidunt&quis=ante&turpis=vel&sed=ipsum&ante=praesent&vivamus=blandit&tortor=lacinia&duis=erat&mattis=vestibulum&egestas=sed&metus=magna&aenean=at&fermentum=nunc&donec=commodo&ut=placerat&mauris=praesent&eget=blandit&massa=nam&tempor=nulla&convallis=integer&nulla=pede&neque=justo&libero=lacinia&convallis=eget&eget=tincidunt&eleifend=eget&luctus=tempus&ultricies=vel&eu=pede&nibh=morbi&quisque=porttitor&id=lorem&justo=id&sit=ligula&amet=suspendisse&sapien=ornare&dignissim=consequat&vestibulum=lectus&vestibulum=in&ante=est&ipsum=risus&primis=auctor', N'Mauris enim leo, rhoncus sed, vestibulum sit amet, cursus id, turpis. Integer aliquet, massa id lobortis convallis, tortor risus dapibus augue, vel accumsan tellus nisi eu orci. Mauris lacinia sapien quis libero.', N'39', N'2', N'23.159.226.6', 0, N'1', CAST(N'2024-02-02T00:00:00.0000000' AS DateTime2), 1)
INSERT [dbo].[Attraction] ([AttractionId], [Name], [Address], [ContactInfo], [Website], [Description], [ProvinceId], [AttractionTypeId], [GooglePlaceId], [IsDeleted], [CreatedBy], [CreatedDate], [Status]) VALUES (N'17', N'Dexter', N'42 Corscot Place', N'kcramondg@addthis.com', N'https://blogspot.com/libero/nam/dui.jsp?duis=pretium&faucibus=iaculis&accumsan=justo&odio=in&curabitur=hac&convallis=habitasse&duis=platea&consequat=dictumst&dui=etiam&nec=faucibus&nisi=cursus&volutpat=urna&eleifend=ut&donec=tellus&ut=nulla&dolor=ut&morbi=erat&vel=id&lectus=mauris&in=vulputate&quam=elementum&fringilla=nullam&rhoncus=varius&mauris=nulla&enim=facilisi&leo=cras&rhoncus=non&sed=velit&vestibulum=nec&sit=nisi&amet=vulputate&cursus=nonummy&id=maecenas&turpis=tincidunt&integer=lacus&aliquet=at&massa=velit&id=vivamus&lobortis=vel&convallis=nulla&tortor=eget&risus=eros&dapibus=elementum&augue=pellentesque&vel=quisque&accumsan=porta&tellus=volutpat&nisi=erat&eu=quisque&orci=erat&mauris=eros&lacinia=viverra&sapien=eget&quis=congue&libero=eget&nullam=semper&sit=rutrum&amet=nulla&turpis=nunc&elementum=purus&ligula=phasellus&vehicula=in&consequat=felis&morbi=donec&a=semper&ipsum=sapien&integer=a&a=libero&nibh=nam&in=dui&quis=proin&justo=leo&maecenas=odio&rhoncus=porttitor&aliquam=id&lacus=consequat&morbi=in&quis=consequat&tortor=ut&id=nulla&nulla=sed&ultrices=accumsan&aliquet=felis&maecenas=ut&leo=at&odio=dolor&condimentum=quis&id=odio&luctus=consequat', N'In sagittis dui vel nisl. Duis ac nibh. Fusce lacus purus, aliquet at, feugiat non, pretium quis, lectus.

Suspendisse potenti. In eleifend quam a odio. In hac habitasse platea dictumst.

Maecenas ut massa quis augue luctus tincidunt. Nulla mollis molestie lorem. Quisque ut erat.', N'43', N'2', N'76.60.12.200', 0, N'1', CAST(N'2024-07-02T00:00:00.0000000' AS DateTime2), 1)
INSERT [dbo].[Attraction] ([AttractionId], [Name], [Address], [ContactInfo], [Website], [Description], [ProvinceId], [AttractionTypeId], [GooglePlaceId], [IsDeleted], [CreatedBy], [CreatedDate], [Status]) VALUES (N'18', N'Waxwing', N'5328 Rieder Park', N'gratleeh@cyberchimps.com', N'http://cnet.com/vestibulum/ante/ipsum.png?integer=pede&a=morbi&nibh=porttitor&in=lorem&quis=id&justo=ligula&maecenas=suspendisse&rhoncus=ornare&aliquam=consequat&lacus=lectus&morbi=in&quis=est&tortor=risus&id=auctor&nulla=sed&ultrices=tristique&aliquet=in&maecenas=tempus&leo=sit&odio=amet&condimentum=sem&id=fusce&luctus=consequat&nec=nulla&molestie=nisl&sed=nunc&justo=nisl&pellentesque=duis&viverra=bibendum&pede=felis&ac=sed&diam=interdum&cras=venenatis&pellentesque=turpis&volutpat=enim&dui=blandit&maecenas=mi&tristique=in&est=porttitor&et=pede&tempus=justo&semper=eu&est=massa&quam=donec&pharetra=dapibus&magna=duis&ac=at&consequat=velit&metus=eu&sapien=est&ut=congue&nunc=elementum&vestibulum=in&ante=hac', N'Proin eu mi. Nulla ac enim. In tempor, turpis nec euismod scelerisque, quam turpis adipiscing lorem, vitae mattis nibh ligula nec sem.

Duis aliquam convallis nunc. Proin at turpis a pede posuere nonummy. Integer non velit.', N'46', N'1', N'191.133.122.247', 0, N'1', CAST(N'2024-08-23T00:00:00.0000000' AS DateTime2), 1)
INSERT [dbo].[Attraction] ([AttractionId], [Name], [Address], [ContactInfo], [Website], [Description], [ProvinceId], [AttractionTypeId], [GooglePlaceId], [IsDeleted], [CreatedBy], [CreatedDate], [Status]) VALUES (N'19', N'Mayfield', N'04 Golden Leaf Plaza', N'nsurplicei@unc.edu', N'http://parallels.com/magnis.json?quis=aliquet&turpis=ultrices&eget=erat&elit=tortor&sodales=sollicitudin&scelerisque=mi&mauris=sit&sit=amet&amet=lobortis&eros=sapien&suspendisse=sapien&accumsan=non&tortor=mi&quis=integer&turpis=ac&sed=neque&ante=duis&vivamus=bibendum&tortor=morbi&duis=non&mattis=quam&egestas=nec&metus=dui&aenean=luctus&fermentum=rutrum&donec=nulla&ut=tellus&mauris=in&eget=sagittis&massa=dui&tempor=vel&convallis=nisl&nulla=duis&neque=ac&libero=nibh&convallis=fusce&eget=lacus&eleifend=purus&luctus=aliquet&ultricies=at&eu=feugiat&nibh=non&quisque=pretium&id=quis&justo=lectus&sit=suspendisse&amet=potenti&sapien=in&dignissim=eleifend&vestibulum=quam&vestibulum=a&ante=odio&ipsum=in&primis=hac&in=habitasse&faucibus=platea', N'In hac habitasse platea dictumst. Morbi vestibulum, velit id pretium iaculis, diam erat fermentum justo, nec condimentum neque sapien placerat ante. Nulla justo.', N'40', N'4', N'41.52.244.217', 0, N'1', CAST(N'2024-08-22T00:00:00.0000000' AS DateTime2), 1)
INSERT [dbo].[Attraction] ([AttractionId], [Name], [Address], [ContactInfo], [Website], [Description], [ProvinceId], [AttractionTypeId], [GooglePlaceId], [IsDeleted], [CreatedBy], [CreatedDate], [Status]) VALUES (N'2', N'Cascade', N'54 Graedel Crossing', N'cpithcock1@ucla.edu', N'http://1688.com/lacus/at/turpis/donec/posuere/metus.png?posuere=et&cubilia=magnis&curae=dis&donec=parturient&pharetra=montes&magna=nascetur&vestibulum=ridiculus&aliquet=mus&ultrices=vivamus&erat=vestibulum&tortor=sagittis&sollicitudin=sapien&mi=cum&sit=sociis&amet=natoque&lobortis=penatibus&sapien=et&sapien=magnis&non=dis&mi=parturient&integer=montes&ac=nascetur&neque=ridiculus&duis=mus&bibendum=etiam&morbi=vel&non=augue&quam=vestibulum&nec=rutrum&dui=rutrum&luctus=neque&rutrum=aenean&nulla=auctor&tellus=gravida&in=sem&sagittis=praesent&dui=id&vel=massa&nisl=id&duis=nisl&ac=venenatis&nibh=lacinia&fusce=aenean&lacus=sit&purus=amet&aliquet=justo', N'Proin interdum mauris non ligula pellentesque ultrices. Phasellus id sapien in sapien iaculis congue. Vivamus metus arcu, adipiscing molestie, hendrerit at, vulputate vitae, nisl.

Aenean lectus. Pellentesque eget nunc. Donec quis orci eget orci vehicula condimentum.', N'14', N'1', N'252.13.193.20', 0, N'1', CAST(N'2023-12-29T00:00:00.0000000' AS DateTime2), 0)
INSERT [dbo].[Attraction] ([AttractionId], [Name], [Address], [ContactInfo], [Website], [Description], [ProvinceId], [AttractionTypeId], [GooglePlaceId], [IsDeleted], [CreatedBy], [CreatedDate], [Status]) VALUES (N'20', N'Lerdahl', N'10042 Dexter Court', N'sillingj@yahoo.co.jp', N'https://desdev.cn/vestibulum/eget/vulputate/ut/ultrices/vel/augue.png?aliquam=ante&erat=vel&volutpat=ipsum&in=praesent&congue=blandit&etiam=lacinia&justo=erat&etiam=vestibulum&pretium=sed&iaculis=magna&justo=at&in=nunc&hac=commodo&habitasse=placerat&platea=praesent&dictumst=blandit&etiam=nam&faucibus=nulla&cursus=integer&urna=pede&ut=justo&tellus=lacinia&nulla=eget&ut=tincidunt&erat=eget&id=tempus&mauris=vel&vulputate=pede&elementum=morbi&nullam=porttitor&varius=lorem&nulla=id&facilisi=ligula&cras=suspendisse&non=ornare&velit=consequat&nec=lectus&nisi=in&vulputate=est&nonummy=risus&maecenas=auctor&tincidunt=sed&lacus=tristique&at=in', N'Nam ultrices, libero non mattis pulvinar, nulla pede ullamcorper augue, a suscipit nulla elit ac nulla. Sed vel enim sit amet nunc viverra dapibus. Nulla suscipit ligula in lacus.', N'18', N'4', N'19.161.89.156', 0, N'1', CAST(N'2024-02-24T00:00:00.0000000' AS DateTime2), 1)
INSERT [dbo].[Attraction] ([AttractionId], [Name], [Address], [ContactInfo], [Website], [Description], [ProvinceId], [AttractionTypeId], [GooglePlaceId], [IsDeleted], [CreatedBy], [CreatedDate], [Status]) VALUES (N'21', N'Orin', N'0 Fair Oaks Lane', N'jboyenk@istockphoto.com', N'https://skyrock.com/mauris/lacinia/sapien/quis/libero/nullam.png?luctus=montes&et=nascetur&ultrices=ridiculus&posuere=mus&cubilia=etiam&curae=vel&mauris=augue&viverra=vestibulum&diam=rutrum&vitae=rutrum&quam=neque&suspendisse=aenean&potenti=auctor&nullam=gravida&porttitor=sem&lacus=praesent&at=id&turpis=massa&donec=id&posuere=nisl&metus=venenatis&vitae=lacinia&ipsum=aenean&aliquam=sit&non=amet&mauris=justo&morbi=morbi&non=ut&lectus=odio&aliquam=cras&sit=mi&amet=pede&diam=malesuada&in=in&magna=imperdiet&bibendum=et&imperdiet=commodo&nullam=vulputate&orci=justo&pede=in&venenatis=blandit&non=ultrices&sodales=enim&sed=lorem&tincidunt=ipsum&eu=dolor&felis=sit&fusce=amet&posuere=consectetuer&felis=adipiscing&sed=elit&lacus=proin&morbi=interdum&sem=mauris&mauris=non&laoreet=ligula&ut=pellentesque&rhoncus=ultrices&aliquet=phasellus&pulvinar=id&sed=sapien&nisl=in&nunc=sapien&rhoncus=iaculis&dui=congue&vel=vivamus&sem=metus&sed=arcu&sagittis=adipiscing&nam=molestie&congue=hendrerit&risus=at&semper=vulputate&porta=vitae&volutpat=nisl&quam=aenean&pede=lectus&lobortis=pellentesque', N'Maecenas leo odio, condimentum id, luctus nec, molestie sed, justo. Pellentesque viverra pede ac diam. Cras pellentesque volutpat dui.

Maecenas tristique, est et tempus semper, est quam pharetra magna, ac consequat metus sapien ut nunc. Vestibulum ante ipsum primis in faucibus orci luctus et ultrices posuere cubilia Curae; Mauris viverra diam vitae quam. Suspendisse potenti.

Nullam porttitor lacus at turpis. Donec posuere metus vitae ipsum. Aliquam non mauris.', N'55', N'4', N'194.233.241.215', 0, N'1', CAST(N'2023-12-10T00:00:00.0000000' AS DateTime2), 1)
INSERT [dbo].[Attraction] ([AttractionId], [Name], [Address], [ContactInfo], [Website], [Description], [ProvinceId], [AttractionTypeId], [GooglePlaceId], [IsDeleted], [CreatedBy], [CreatedDate], [Status]) VALUES (N'22', N'Ridge Oak', N'9 Jay Parkway', N'msingyardl@columbia.edu', N'https://gmpg.org/amet/lobortis/sapien/sapien.jsp?sit=erat&amet=curabitur&sem=gravida&fusce=nisi&consequat=at&nulla=nibh&nisl=in&nunc=hac&nisl=habitasse&duis=platea&bibendum=dictumst&felis=aliquam&sed=augue&interdum=quam&venenatis=sollicitudin&turpis=vitae&enim=consectetuer&blandit=eget&mi=rutrum&in=at&porttitor=lorem&pede=integer&justo=tincidunt&eu=ante&massa=vel&donec=ipsum&dapibus=praesent&duis=blandit&at=lacinia&velit=erat&eu=vestibulum&est=sed&congue=magna&elementum=at&in=nunc&hac=commodo&habitasse=placerat&platea=praesent&dictumst=blandit&morbi=nam&vestibulum=nulla&velit=integer&id=pede&pretium=justo', N'Quisque porta volutpat erat. Quisque erat eros, viverra eget, congue eget, semper rutrum, nulla. Nunc purus.', N'43', N'4', N'243.173.194.76', 0, N'1', CAST(N'2024-03-10T00:00:00.0000000' AS DateTime2), 1)
INSERT [dbo].[Attraction] ([AttractionId], [Name], [Address], [ContactInfo], [Website], [Description], [ProvinceId], [AttractionTypeId], [GooglePlaceId], [IsDeleted], [CreatedBy], [CreatedDate], [Status]) VALUES (N'23', N'Crescent Oaks', N'5 Stuart Road', N'cgosdinm@hostgator.com', N'https://zimbio.com/in/ante/vestibulum/ante/ipsum/primis.html?platea=tortor&dictumst=duis&morbi=mattis&vestibulum=egestas&velit=metus&id=aenean&pretium=fermentum&iaculis=donec&diam=ut&erat=mauris&fermentum=eget&justo=massa&nec=tempor&condimentum=convallis&neque=nulla&sapien=neque&placerat=libero&ante=convallis&nulla=eget&justo=eleifend&aliquam=luctus&quis=ultricies&turpis=eu&eget=nibh&elit=quisque&sodales=id&scelerisque=justo&mauris=sit&sit=amet&amet=sapien&eros=dignissim&suspendisse=vestibulum&accumsan=vestibulum&tortor=ante&quis=ipsum&turpis=primis&sed=in&ante=faucibus&vivamus=orci&tortor=luctus&duis=et&mattis=ultrices&egestas=posuere&metus=cubilia&aenean=curae&fermentum=nulla&donec=dapibus&ut=dolor&mauris=vel&eget=est&massa=donec&tempor=odio&convallis=justo&nulla=sollicitudin', N'Suspendisse potenti. In eleifend quam a odio. In hac habitasse platea dictumst.', N'32', N'4', N'158.242.205.166', 0, N'1', CAST(N'2024-05-04T00:00:00.0000000' AS DateTime2), 1)
INSERT [dbo].[Attraction] ([AttractionId], [Name], [Address], [ContactInfo], [Website], [Description], [ProvinceId], [AttractionTypeId], [GooglePlaceId], [IsDeleted], [CreatedBy], [CreatedDate], [Status]) VALUES (N'24', N'Browning', N'8607 Brown Circle', N'whazeldeann@theglobeandmail.com', N'https://1und1.de/blandit/lacinia/erat/vestibulum/sed/magna/at.jsp?dui=tristique&vel=fusce&nisl=congue&duis=diam&ac=id&nibh=ornare&fusce=imperdiet&lacus=sapien&purus=urna&aliquet=pretium', N'In sagittis dui vel nisl. Duis ac nibh. Fusce lacus purus, aliquet at, feugiat non, pretium quis, lectus.

Suspendisse potenti. In eleifend quam a odio. In hac habitasse platea dictumst.

Maecenas ut massa quis augue luctus tincidunt. Nulla mollis molestie lorem. Quisque ut erat.', N'14', N'2', N'234.153.250.157', 0, N'1', CAST(N'2024-09-21T00:00:00.0000000' AS DateTime2), 1)
INSERT [dbo].[Attraction] ([AttractionId], [Name], [Address], [ContactInfo], [Website], [Description], [ProvinceId], [AttractionTypeId], [GooglePlaceId], [IsDeleted], [CreatedBy], [CreatedDate], [Status]) VALUES (N'25', N'Mayer', N'99 Merchant Trail', N'obrittino@yahoo.co.jp', N'http://altervista.org/vestibulum.json?amet=dui&eros=vel&suspendisse=sem&accumsan=sed&tortor=sagittis&quis=nam&turpis=congue&sed=risus&ante=semper&vivamus=porta&tortor=volutpat&duis=quam&mattis=pede&egestas=lobortis&metus=ligula&aenean=sit&fermentum=amet&donec=eleifend&ut=pede&mauris=libero&eget=quis&massa=orci&tempor=nullam&convallis=molestie&nulla=nibh&neque=in&libero=lectus&convallis=pellentesque&eget=at&eleifend=nulla&luctus=suspendisse&ultricies=potenti&eu=cras&nibh=in&quisque=purus&id=eu&justo=magna&sit=vulputate&amet=luctus&sapien=cum&dignissim=sociis&vestibulum=natoque&vestibulum=penatibus&ante=et&ipsum=magnis&primis=dis&in=parturient&faucibus=montes&orci=nascetur&luctus=ridiculus&et=mus&ultrices=vivamus&posuere=vestibulum&cubilia=sagittis&curae=sapien&nulla=cum&dapibus=sociis&dolor=natoque&vel=penatibus&est=et&donec=magnis&odio=dis&justo=parturient&sollicitudin=montes&ut=nascetur&suscipit=ridiculus&a=mus&feugiat=etiam&et=vel&eros=augue&vestibulum=vestibulum&ac=rutrum&est=rutrum&lacinia=neque&nisi=aenean&venenatis=auctor&tristique=gravida', N'Cras mi pede, malesuada in, imperdiet et, commodo vulputate, justo. In blandit ultrices enim. Lorem ipsum dolor sit amet, consectetuer adipiscing elit.', N'38', N'3', N'148.226.34.90', 0, N'1', CAST(N'2024-03-25T00:00:00.0000000' AS DateTime2), 1)
INSERT [dbo].[Attraction] ([AttractionId], [Name], [Address], [ContactInfo], [Website], [Description], [ProvinceId], [AttractionTypeId], [GooglePlaceId], [IsDeleted], [CreatedBy], [CreatedDate], [Status]) VALUES (N'26', N'Red Cloud', N'2 Warner Trail', N'bnegrop@craigslist.org', N'https://blog.com/in/faucibus/orci/luctus/et/ultrices/posuere.json?dui=quis&vel=justo&nisl=maecenas&duis=rhoncus&ac=aliquam&nibh=lacus&fusce=morbi&lacus=quis&purus=tortor&aliquet=id&at=nulla&feugiat=ultrices&non=aliquet&pretium=maecenas&quis=leo&lectus=odio&suspendisse=condimentum&potenti=id&in=luctus&eleifend=nec&quam=molestie&a=sed&odio=justo&in=pellentesque', N'Donec diam neque, vestibulum eget, vulputate ut, ultrices vel, augue. Vestibulum ante ipsum primis in faucibus orci luctus et ultrices posuere cubilia Curae; Donec pharetra, magna vestibulum aliquet ultrices, erat tortor sollicitudin mi, sit amet lobortis sapien sapien non mi. Integer ac neque.

Duis bibendum. Morbi non quam nec dui luctus rutrum. Nulla tellus.', N'28', N'2', N'26.199.81.72', 0, N'1', CAST(N'2024-07-21T00:00:00.0000000' AS DateTime2), 1)
INSERT [dbo].[Attraction] ([AttractionId], [Name], [Address], [ContactInfo], [Website], [Description], [ProvinceId], [AttractionTypeId], [GooglePlaceId], [IsDeleted], [CreatedBy], [CreatedDate], [Status]) VALUES (N'27', N'Dayton', N'3 Kenwood Circle', N'jharriottq@theatlantic.com', N'http://yellowpages.com/vestibulum.aspx?viverra=convallis&pede=nunc&ac=proin&diam=at', N'Pellentesque at nulla. Suspendisse potenti. Cras in purus eu magna vulputate luctus.', N'54', N'4', N'79.75.149.165', 0, N'1', CAST(N'2023-11-01T00:00:00.0000000' AS DateTime2), 1)
INSERT [dbo].[Attraction] ([AttractionId], [Name], [Address], [ContactInfo], [Website], [Description], [ProvinceId], [AttractionTypeId], [GooglePlaceId], [IsDeleted], [CreatedBy], [CreatedDate], [Status]) VALUES (N'28', N'Pond', N'745 Surrey Pass', N'sengledowr@hostgator.com', N'http://ted.com/penatibus/et/magnis.jpg?etiam=turpis&faucibus=eget&cursus=elit&urna=sodales&ut=scelerisque&tellus=mauris&nulla=sit&ut=amet&erat=eros&id=suspendisse&mauris=accumsan&vulputate=tortor&elementum=quis&nullam=turpis&varius=sed&nulla=ante&facilisi=vivamus&cras=tortor&non=duis&velit=mattis&nec=egestas&nisi=metus&vulputate=aenean&nonummy=fermentum&maecenas=donec&tincidunt=ut&lacus=mauris&at=eget&velit=massa&vivamus=tempor&vel=convallis&nulla=nulla&eget=neque&eros=libero&elementum=convallis&pellentesque=eget&quisque=eleifend&porta=luctus&volutpat=ultricies&erat=eu&quisque=nibh&erat=quisque&eros=id&viverra=justo&eget=sit&congue=amet', N'Phasellus in felis. Donec semper sapien a libero. Nam dui.', N'10', N'4', N'61.86.100.188', 0, N'1', CAST(N'2024-04-04T00:00:00.0000000' AS DateTime2), 0)
INSERT [dbo].[Attraction] ([AttractionId], [Name], [Address], [ContactInfo], [Website], [Description], [ProvinceId], [AttractionTypeId], [GooglePlaceId], [IsDeleted], [CreatedBy], [CreatedDate], [Status]) VALUES (N'29', N'Oak', N'18928 Holy Cross Plaza', N'lcollefords@google.co.jp', N'http://google.co.jp/vel/lectus/in/quam/fringilla.xml?luctus=felis&et=fusce&ultrices=posuere&posuere=felis&cubilia=sed&curae=lacus&nulla=morbi&dapibus=sem&dolor=mauris&vel=laoreet&est=ut&donec=rhoncus', N'Curabitur gravida nisi at nibh. In hac habitasse platea dictumst. Aliquam augue quam, sollicitudin vitae, consectetuer eget, rutrum at, lorem.

Integer tincidunt ante vel ipsum. Praesent blandit lacinia erat. Vestibulum sed magna at nunc commodo placerat.

Praesent blandit. Nam nulla. Integer pede justo, lacinia eget, tincidunt eget, tempus vel, pede.', N'46', N'1', N'22.6.151.252', 0, N'1', CAST(N'2024-08-02T00:00:00.0000000' AS DateTime2), 1)
INSERT [dbo].[Attraction] ([AttractionId], [Name], [Address], [ContactInfo], [Website], [Description], [ProvinceId], [AttractionTypeId], [GooglePlaceId], [IsDeleted], [CreatedBy], [CreatedDate], [Status]) VALUES (N'3', N'East', N'1 Holy Cross Alley', N'hkellert2@furl.net', N'http://bluehost.com/nec/molestie/sed/justo/pellentesque.html?nec=gravida&euismod=nisi&scelerisque=at&quam=nibh&turpis=in&adipiscing=hac&lorem=habitasse&vitae=platea&mattis=dictumst&nibh=aliquam&ligula=augue&nec=quam&sem=sollicitudin&duis=vitae&aliquam=consectetuer&convallis=eget&nunc=rutrum&proin=at&at=lorem&turpis=integer&a=tincidunt&pede=ante&posuere=vel&nonummy=ipsum&integer=praesent&non=blandit&velit=lacinia&donec=erat&diam=vestibulum&neque=sed&vestibulum=magna&eget=at&vulputate=nunc&ut=commodo&ultrices=placerat&vel=praesent&augue=blandit&vestibulum=nam&ante=nulla&ipsum=integer&primis=pede&in=justo&faucibus=lacinia&orci=eget&luctus=tincidunt&et=eget&ultrices=tempus&posuere=vel&cubilia=pede&curae=morbi&donec=porttitor&pharetra=lorem&magna=id&vestibulum=ligula&aliquet=suspendisse&ultrices=ornare&erat=consequat&tortor=lectus&sollicitudin=in&mi=est&sit=risus&amet=auctor&lobortis=sed&sapien=tristique&sapien=in&non=tempus&mi=sit&integer=amet&ac=sem&neque=fusce&duis=consequat&bibendum=nulla&morbi=nisl&non=nunc&quam=nisl&nec=duis&dui=bibendum&luctus=felis&rutrum=sed&nulla=interdum&tellus=venenatis&in=turpis&sagittis=enim&dui=blandit&vel=mi&nisl=in&duis=porttitor&ac=pede&nibh=justo&fusce=eu&lacus=massa&purus=donec&aliquet=dapibus&at=duis&feugiat=at&non=velit', N'In congue. Etiam justo. Etiam pretium iaculis justo.

In hac habitasse platea dictumst. Etiam faucibus cursus urna. Ut tellus.', N'29', N'1', N'178.60.173.15', 0, N'1', CAST(N'2024-07-30T00:00:00.0000000' AS DateTime2), 1)
INSERT [dbo].[Attraction] ([AttractionId], [Name], [Address], [ContactInfo], [Website], [Description], [ProvinceId], [AttractionTypeId], [GooglePlaceId], [IsDeleted], [CreatedBy], [CreatedDate], [Status]) VALUES (N'30', N'Browning', N'700 Mandrake Lane', N'sdigginsont@prnewswire.com', N'http://lycos.com/vel/augue/vestibulum/rutrum/rutrum/neque/aenean.html?massa=varius&id=nulla&nisl=facilisi&venenatis=cras&lacinia=non&aenean=velit&sit=nec&amet=nisi&justo=vulputate&morbi=nonummy&ut=maecenas&odio=tincidunt&cras=lacus&mi=at&pede=velit&malesuada=vivamus&in=vel&imperdiet=nulla&et=eget&commodo=eros&vulputate=elementum&justo=pellentesque&in=quisque&blandit=porta&ultrices=volutpat&enim=erat&lorem=quisque&ipsum=erat&dolor=eros&sit=viverra&amet=eget&consectetuer=congue', N'Maecenas tristique, est et tempus semper, est quam pharetra magna, ac consequat metus sapien ut nunc. Vestibulum ante ipsum primis in faucibus orci luctus et ultrices posuere cubilia Curae; Mauris viverra diam vitae quam. Suspendisse potenti.

Nullam porttitor lacus at turpis. Donec posuere metus vitae ipsum. Aliquam non mauris.

Morbi non lectus. Aliquam sit amet diam in magna bibendum imperdiet. Nullam orci pede, venenatis non, sodales sed, tincidunt eu, felis.', N'25', N'3', N'106.20.119.132', 0, N'1', CAST(N'2024-05-24T00:00:00.0000000' AS DateTime2), 2)
INSERT [dbo].[Attraction] ([AttractionId], [Name], [Address], [ContactInfo], [Website], [Description], [ProvinceId], [AttractionTypeId], [GooglePlaceId], [IsDeleted], [CreatedBy], [CreatedDate], [Status]) VALUES (N'31', N'Hallows', N'0 Knutson Hill', N'ejedrzejkiewiczu@census.gov', N'https://sun.com/nulla.html?imperdiet=varius&sapien=ut&urna=blandit&pretium=non&nisl=interdum&ut=in&volutpat=ante&sapien=vestibulum&arcu=ante&sed=ipsum&augue=primis&aliquam=in&erat=faucibus&volutpat=orci&in=luctus&congue=et&etiam=ultrices&justo=posuere&etiam=cubilia&pretium=curae&iaculis=duis&justo=faucibus&in=accumsan&hac=odio&habitasse=curabitur&platea=convallis&dictumst=duis&etiam=consequat&faucibus=dui&cursus=nec&urna=nisi&ut=volutpat&tellus=eleifend&nulla=donec&ut=ut&erat=dolor&id=morbi&mauris=vel&vulputate=lectus&elementum=in&nullam=quam&varius=fringilla&nulla=rhoncus&facilisi=mauris&cras=enim&non=leo&velit=rhoncus&nec=sed&nisi=vestibulum&vulputate=sit&nonummy=amet&maecenas=cursus&tincidunt=id&lacus=turpis&at=integer&velit=aliquet&vivamus=massa&vel=id&nulla=lobortis&eget=convallis', N'In hac habitasse platea dictumst. Etiam faucibus cursus urna. Ut tellus.

Nulla ut erat id mauris vulputate elementum. Nullam varius. Nulla facilisi.', N'52', N'4', N'24.142.231.126', 0, N'1', CAST(N'2023-10-25T00:00:00.0000000' AS DateTime2), 1)
INSERT [dbo].[Attraction] ([AttractionId], [Name], [Address], [ContactInfo], [Website], [Description], [ProvinceId], [AttractionTypeId], [GooglePlaceId], [IsDeleted], [CreatedBy], [CreatedDate], [Status]) VALUES (N'32', N'Ronald Regan', N'81622 Old Gate Place', N'tgisbournv@theatlantic.com', N'http://cbc.ca/sagittis/sapien/cum/sociis/natoque/penatibus/et.jpg?volutpat=nunc&dui=rhoncus&maecenas=dui&tristique=vel&est=sem&et=sed&tempus=sagittis&semper=nam&est=congue&quam=risus&pharetra=semper&magna=porta&ac=volutpat&consequat=quam&metus=pede&sapien=lobortis&ut=ligula&nunc=sit&vestibulum=amet&ante=eleifend&ipsum=pede&primis=libero&in=quis&faucibus=orci&orci=nullam&luctus=molestie&et=nibh&ultrices=in&posuere=lectus&cubilia=pellentesque&curae=at&mauris=nulla&viverra=suspendisse&diam=potenti&vitae=cras&quam=in&suspendisse=purus&potenti=eu', N'Aenean fermentum. Donec ut mauris eget massa tempor convallis. Nulla neque libero, convallis eget, eleifend luctus, ultricies eu, nibh.

Quisque id justo sit amet sapien dignissim vestibulum. Vestibulum ante ipsum primis in faucibus orci luctus et ultrices posuere cubilia Curae; Nulla dapibus dolor vel est. Donec odio justo, sollicitudin ut, suscipit a, feugiat et, eros.

Vestibulum ac est lacinia nisi venenatis tristique. Fusce congue, diam id ornare imperdiet, sapien urna pretium nisl, ut volutpat sapien arcu sed augue. Aliquam erat volutpat.', N'6', N'2', N'13.132.99.89', 0, N'1', CAST(N'2024-06-19T00:00:00.0000000' AS DateTime2), 1)
INSERT [dbo].[Attraction] ([AttractionId], [Name], [Address], [ContactInfo], [Website], [Description], [ProvinceId], [AttractionTypeId], [GooglePlaceId], [IsDeleted], [CreatedBy], [CreatedDate], [Status]) VALUES (N'33', N'Eliot', N'4459 Petterle Place', N'fisackew@army.mil', N'https://hhs.gov/morbi/a.jsp?sodales=ornare&sed=imperdiet&tincidunt=sapien&eu=urna&felis=pretium&fusce=nisl&posuere=ut&felis=volutpat&sed=sapien&lacus=arcu&morbi=sed&sem=augue&mauris=aliquam&laoreet=erat&ut=volutpat&rhoncus=in&aliquet=congue&pulvinar=etiam&sed=justo&nisl=etiam&nunc=pretium&rhoncus=iaculis&dui=justo&vel=in&sem=hac&sed=habitasse&sagittis=platea&nam=dictumst&congue=etiam&risus=faucibus&semper=cursus&porta=urna&volutpat=ut&quam=tellus&pede=nulla&lobortis=ut&ligula=erat&sit=id&amet=mauris&eleifend=vulputate&pede=elementum&libero=nullam&quis=varius&orci=nulla&nullam=facilisi&molestie=cras&nibh=non&in=velit&lectus=nec&pellentesque=nisi&at=vulputate&nulla=nonummy&suspendisse=maecenas&potenti=tincidunt&cras=lacus&in=at&purus=velit&eu=vivamus&magna=vel&vulputate=nulla&luctus=eget&cum=eros&sociis=elementum&natoque=pellentesque&penatibus=quisque&et=porta', N'Cras mi pede, malesuada in, imperdiet et, commodo vulputate, justo. In blandit ultrices enim. Lorem ipsum dolor sit amet, consectetuer adipiscing elit.

Proin interdum mauris non ligula pellentesque ultrices. Phasellus id sapien in sapien iaculis congue. Vivamus metus arcu, adipiscing molestie, hendrerit at, vulputate vitae, nisl.', N'26', N'1', N'0.46.196.50', 0, N'1', CAST(N'2024-02-11T00:00:00.0000000' AS DateTime2), 1)
INSERT [dbo].[Attraction] ([AttractionId], [Name], [Address], [ContactInfo], [Website], [Description], [ProvinceId], [AttractionTypeId], [GooglePlaceId], [IsDeleted], [CreatedBy], [CreatedDate], [Status]) VALUES (N'34', N'Union', N'23 Katie Place', N'lcassellsx@fastcompany.com', N'https://miibeian.gov.cn/ligula/pellentesque/ultrices/phasellus.html?cursus=accumsan&vestibulum=tortor&proin=quis&eu=turpis&mi=sed&nulla=ante&ac=vivamus&enim=tortor&in=duis&tempor=mattis&turpis=egestas&nec=metus&euismod=aenean&scelerisque=fermentum&quam=donec&turpis=ut&adipiscing=mauris&lorem=eget&vitae=massa&mattis=tempor&nibh=convallis&ligula=nulla&nec=neque&sem=libero&duis=convallis&aliquam=eget', N'Sed ante. Vivamus tortor. Duis mattis egestas metus.', N'37', N'2', N'26.22.44.46', 0, N'1', CAST(N'2024-05-13T00:00:00.0000000' AS DateTime2), 1)
INSERT [dbo].[Attraction] ([AttractionId], [Name], [Address], [ContactInfo], [Website], [Description], [ProvinceId], [AttractionTypeId], [GooglePlaceId], [IsDeleted], [CreatedBy], [CreatedDate], [Status]) VALUES (N'35', N'Dorton', N'3 Brown Junction', N'kaylwardy@bizjournals.com', N'https://prlog.org/quam/turpis/adipiscing/lorem/vitae.aspx?praesent=primis', N'Suspendisse potenti. In eleifend quam a odio. In hac habitasse platea dictumst.

Maecenas ut massa quis augue luctus tincidunt. Nulla mollis molestie lorem. Quisque ut erat.

Curabitur gravida nisi at nibh. In hac habitasse platea dictumst. Aliquam augue quam, sollicitudin vitae, consectetuer eget, rutrum at, lorem.', N'42', N'1', N'57.23.123.38', 0, N'1', CAST(N'2024-03-22T00:00:00.0000000' AS DateTime2), 1)
INSERT [dbo].[Attraction] ([AttractionId], [Name], [Address], [ContactInfo], [Website], [Description], [ProvinceId], [AttractionTypeId], [GooglePlaceId], [IsDeleted], [CreatedBy], [CreatedDate], [Status]) VALUES (N'36', N'Melody', N'85386 Dwight Trail', N'cmorduez@dion.ne.jp', N'http://wufoo.com/sapien/iaculis/congue/vivamus/metus/arcu/adipiscing.jpg?blandit=convallis&non=morbi&interdum=odio&in=odio&ante=elementum&vestibulum=eu&ante=interdum&ipsum=eu&primis=tincidunt&in=in&faucibus=leo&orci=maecenas&luctus=pulvinar&et=lobortis&ultrices=est&posuere=phasellus&cubilia=sit&curae=amet&duis=erat&faucibus=nulla&accumsan=tempus&odio=vivamus&curabitur=in&convallis=felis&duis=eu&consequat=sapien&dui=cursus&nec=vestibulum&nisi=proin&volutpat=eu&eleifend=mi&donec=nulla&ut=ac&dolor=enim&morbi=in&vel=tempor&lectus=turpis&in=nec&quam=euismod&fringilla=scelerisque&rhoncus=quam&mauris=turpis&enim=adipiscing&leo=lorem&rhoncus=vitae&sed=mattis&vestibulum=nibh&sit=ligula&amet=nec&cursus=sem&id=duis&turpis=aliquam&integer=convallis&aliquet=nunc&massa=proin&id=at&lobortis=turpis', N'Phasellus in felis. Donec semper sapien a libero. Nam dui.

Proin leo odio, porttitor id, consequat in, consequat ut, nulla. Sed accumsan felis. Ut at dolor quis odio consequat varius.', N'16', N'1', N'217.30.156.115', 0, N'1', CAST(N'2024-03-20T00:00:00.0000000' AS DateTime2), 2)
INSERT [dbo].[Attraction] ([AttractionId], [Name], [Address], [ContactInfo], [Website], [Description], [ProvinceId], [AttractionTypeId], [GooglePlaceId], [IsDeleted], [CreatedBy], [CreatedDate], [Status]) VALUES (N'37', N'Gale', N'7 Sauthoff Park', N'vhearn10@ebay.com', N'https://diigo.com/ridiculus/mus/vivamus/vestibulum/sagittis/sapien/cum.aspx?curae=integer&nulla=aliquet&dapibus=massa&dolor=id&vel=lobortis&est=convallis&donec=tortor&odio=risus&justo=dapibus&sollicitudin=augue&ut=vel&suscipit=accumsan&a=tellus&feugiat=nisi&et=eu&eros=orci&vestibulum=mauris&ac=lacinia&est=sapien&lacinia=quis&nisi=libero&venenatis=nullam&tristique=sit&fusce=amet&congue=turpis&diam=elementum&id=ligula&ornare=vehicula&imperdiet=consequat&sapien=morbi&urna=a&pretium=ipsum&nisl=integer&ut=a&volutpat=nibh&sapien=in&arcu=quis&sed=justo&augue=maecenas&aliquam=rhoncus&erat=aliquam&volutpat=lacus&in=morbi&congue=quis&etiam=tortor&justo=id&etiam=nulla&pretium=ultrices&iaculis=aliquet&justo=maecenas&in=leo&hac=odio&habitasse=condimentum&platea=id&dictumst=luctus&etiam=nec&faucibus=molestie&cursus=sed&urna=justo&ut=pellentesque&tellus=viverra&nulla=pede&ut=ac&erat=diam&id=cras&mauris=pellentesque', N'Maecenas leo odio, condimentum id, luctus nec, molestie sed, justo. Pellentesque viverra pede ac diam. Cras pellentesque volutpat dui.

Maecenas tristique, est et tempus semper, est quam pharetra magna, ac consequat metus sapien ut nunc. Vestibulum ante ipsum primis in faucibus orci luctus et ultrices posuere cubilia Curae; Mauris viverra diam vitae quam. Suspendisse potenti.

Nullam porttitor lacus at turpis. Donec posuere metus vitae ipsum. Aliquam non mauris.', N'42', N'1', N'58.227.139.42', 0, N'1', CAST(N'2024-07-02T00:00:00.0000000' AS DateTime2), 3)
INSERT [dbo].[Attraction] ([AttractionId], [Name], [Address], [ContactInfo], [Website], [Description], [ProvinceId], [AttractionTypeId], [GooglePlaceId], [IsDeleted], [CreatedBy], [CreatedDate], [Status]) VALUES (N'38', N'Hallows', N'8 Mcguire Plaza', N'mpinks11@clickbank.net', N'https://theguardian.com/viverra/diam/vitae/quam/suspendisse/potenti/nullam.aspx?in=tincidunt&purus=eu&eu=felis&magna=fusce&vulputate=posuere&luctus=felis&cum=sed&sociis=lacus&natoque=morbi&penatibus=sem&et=mauris&magnis=laoreet&dis=ut&parturient=rhoncus&montes=aliquet&nascetur=pulvinar&ridiculus=sed&mus=nisl&vivamus=nunc&vestibulum=rhoncus&sagittis=dui&sapien=vel&cum=sem&sociis=sed&natoque=sagittis&penatibus=nam&et=congue&magnis=risus&dis=semper&parturient=porta&montes=volutpat&nascetur=quam&ridiculus=pede&mus=lobortis&etiam=ligula&vel=sit&augue=amet&vestibulum=eleifend&rutrum=pede&rutrum=libero&neque=quis&aenean=orci&auctor=nullam&gravida=molestie&sem=nibh&praesent=in&id=lectus&massa=pellentesque&id=at&nisl=nulla&venenatis=suspendisse&lacinia=potenti&aenean=cras&sit=in&amet=purus&justo=eu&morbi=magna&ut=vulputate&odio=luctus&cras=cum', N'Phasellus sit amet erat. Nulla tempus. Vivamus in felis eu sapien cursus vestibulum.

Proin eu mi. Nulla ac enim. In tempor, turpis nec euismod scelerisque, quam turpis adipiscing lorem, vitae mattis nibh ligula nec sem.', N'18', N'2', N'222.4.56.62', 0, N'1', CAST(N'2024-02-24T00:00:00.0000000' AS DateTime2), 1)
INSERT [dbo].[Attraction] ([AttractionId], [Name], [Address], [ContactInfo], [Website], [Description], [ProvinceId], [AttractionTypeId], [GooglePlaceId], [IsDeleted], [CreatedBy], [CreatedDate], [Status]) VALUES (N'39', N'Kipling', N'6 Vernon Circle', N'kcordelle12@ihg.com', N'https://mozilla.com/nisl/aenean/lectus/pellentesque.html?a=tincidunt&ipsum=in&integer=leo&a=maecenas&nibh=pulvinar&in=lobortis&quis=est&justo=phasellus&maecenas=sit&rhoncus=amet&aliquam=erat&lacus=nulla&morbi=tempus&quis=vivamus&tortor=in&id=felis&nulla=eu&ultrices=sapien&aliquet=cursus&maecenas=vestibulum&leo=proin&odio=eu&condimentum=mi&id=nulla&luctus=ac&nec=enim&molestie=in&sed=tempor&justo=turpis&pellentesque=nec&viverra=euismod&pede=scelerisque&ac=quam&diam=turpis&cras=adipiscing&pellentesque=lorem&volutpat=vitae&dui=mattis&maecenas=nibh&tristique=ligula&est=nec&et=sem&tempus=duis&semper=aliquam&est=convallis&quam=nunc&pharetra=proin&magna=at&ac=turpis&consequat=a&metus=pede&sapien=posuere&ut=nonummy&nunc=integer&vestibulum=non&ante=velit&ipsum=donec&primis=diam&in=neque&faucibus=vestibulum&orci=eget&luctus=vulputate&et=ut&ultrices=ultrices', N'Cras non velit nec nisi vulputate nonummy. Maecenas tincidunt lacus at velit. Vivamus vel nulla eget eros elementum pellentesque.

Quisque porta volutpat erat. Quisque erat eros, viverra eget, congue eget, semper rutrum, nulla. Nunc purus.', N'24', N'2', N'178.62.232.178', 0, N'1', CAST(N'2024-05-04T00:00:00.0000000' AS DateTime2), 1)
INSERT [dbo].[Attraction] ([AttractionId], [Name], [Address], [ContactInfo], [Website], [Description], [ProvinceId], [AttractionTypeId], [GooglePlaceId], [IsDeleted], [CreatedBy], [CreatedDate], [Status]) VALUES (N'4', N'Katie', N'2 Orin Place', N'tewing3@fema.gov', N'https://miitbeian.gov.cn/nisi.jsp?sed=fusce&magna=congue&at=diam&nunc=id&commodo=ornare&placerat=imperdiet&praesent=sapien&blandit=urna&nam=pretium&nulla=nisl&integer=ut&pede=volutpat&justo=sapien&lacinia=arcu&eget=sed&tincidunt=augue&eget=aliquam&tempus=erat&vel=volutpat&pede=in&morbi=congue&porttitor=etiam&lorem=justo&id=etiam&ligula=pretium&suspendisse=iaculis&ornare=justo&consequat=in&lectus=hac&in=habitasse&est=platea&risus=dictumst&auctor=etiam&sed=faucibus&tristique=cursus&in=urna&tempus=ut&sit=tellus&amet=nulla&sem=ut&fusce=erat&consequat=id&nulla=mauris&nisl=vulputate&nunc=elementum&nisl=nullam&duis=varius&bibendum=nulla&felis=facilisi&sed=cras&interdum=non&venenatis=velit&turpis=nec&enim=nisi&blandit=vulputate&mi=nonummy&in=maecenas&porttitor=tincidunt&pede=lacus&justo=at&eu=velit&massa=vivamus&donec=vel&dapibus=nulla&duis=eget&at=eros&velit=elementum&eu=pellentesque&est=quisque&congue=porta&elementum=volutpat&in=erat&hac=quisque&habitasse=erat&platea=eros&dictumst=viverra&morbi=eget&vestibulum=congue&velit=eget&id=semper&pretium=rutrum&iaculis=nulla&diam=nunc&erat=purus&fermentum=phasellus&justo=in&nec=felis&condimentum=donec&neque=semper&sapien=sapien&placerat=a&ante=libero&nulla=nam&justo=dui&aliquam=proin&quis=leo', N'Cum sociis natoque penatibus et magnis dis parturient montes, nascetur ridiculus mus. Vivamus vestibulum sagittis sapien. Cum sociis natoque penatibus et magnis dis parturient montes, nascetur ridiculus mus.

Etiam vel augue. Vestibulum rutrum rutrum neque. Aenean auctor gravida sem.', N'52', N'1', N'113.99.121.110', 0, N'1', CAST(N'2024-05-18T00:00:00.0000000' AS DateTime2), 1)
INSERT [dbo].[Attraction] ([AttractionId], [Name], [Address], [ContactInfo], [Website], [Description], [ProvinceId], [AttractionTypeId], [GooglePlaceId], [IsDeleted], [CreatedBy], [CreatedDate], [Status]) VALUES (N'40', N'Sauthoff', N'85 Badeau Lane', N'psmiths13@flickr.com', N'https://bbb.org/vehicula/condimentum/curabitur/in/libero/ut.jsp?vulputate=non&elementum=velit&nullam=donec&varius=diam&nulla=neque&facilisi=vestibulum&cras=eget&non=vulputate&velit=ut&nec=ultrices&nisi=vel&vulputate=augue&nonummy=vestibulum&maecenas=ante&tincidunt=ipsum&lacus=primis&at=in&velit=faucibus&vivamus=orci&vel=luctus&nulla=et&eget=ultrices&eros=posuere&elementum=cubilia&pellentesque=curae&quisque=donec', N'Etiam vel augue. Vestibulum rutrum rutrum neque. Aenean auctor gravida sem.

Praesent id massa id nisl venenatis lacinia. Aenean sit amet justo. Morbi ut odio.

Cras mi pede, malesuada in, imperdiet et, commodo vulputate, justo. In blandit ultrices enim. Lorem ipsum dolor sit amet, consectetuer adipiscing elit.', N'31', N'2', N'156.128.230.172', 0, N'1', CAST(N'2024-06-29T00:00:00.0000000' AS DateTime2), 1)
INSERT [dbo].[Attraction] ([AttractionId], [Name], [Address], [ContactInfo], [Website], [Description], [ProvinceId], [AttractionTypeId], [GooglePlaceId], [IsDeleted], [CreatedBy], [CreatedDate], [Status]) VALUES (N'41', N'6th', N'140 Summer Ridge Court', N'erichemont14@ycombinator.com', N'http://macromedia.com/velit.json?hendrerit=sed&at=magna&vulputate=at&vitae=nunc&nisl=commodo&aenean=placerat&lectus=praesent&pellentesque=blandit&eget=nam&nunc=nulla&donec=integer&quis=pede&orci=justo&eget=lacinia&orci=eget&vehicula=tincidunt&condimentum=eget&curabitur=tempus&in=vel&libero=pede&ut=morbi&massa=porttitor&volutpat=lorem&convallis=id&morbi=ligula&odio=suspendisse&odio=ornare&elementum=consequat&eu=lectus&interdum=in&eu=est&tincidunt=risus&in=auctor&leo=sed&maecenas=tristique&pulvinar=in&lobortis=tempus&est=sit&phasellus=amet&sit=sem&amet=fusce&erat=consequat&nulla=nulla&tempus=nisl&vivamus=nunc&in=nisl&felis=duis&eu=bibendum&sapien=felis&cursus=sed&vestibulum=interdum&proin=venenatis&eu=turpis&mi=enim&nulla=blandit&ac=mi&enim=in&in=porttitor&tempor=pede&turpis=justo&nec=eu&euismod=massa&scelerisque=donec&quam=dapibus', N'Aenean lectus. Pellentesque eget nunc. Donec quis orci eget orci vehicula condimentum.

Curabitur in libero ut massa volutpat convallis. Morbi odio odio, elementum eu, interdum eu, tincidunt in, leo. Maecenas pulvinar lobortis est.

Phasellus sit amet erat. Nulla tempus. Vivamus in felis eu sapien cursus vestibulum.', N'32', N'3', N'24.179.152.95', 0, N'1', CAST(N'2024-05-23T00:00:00.0000000' AS DateTime2), 1)
INSERT [dbo].[Attraction] ([AttractionId], [Name], [Address], [ContactInfo], [Website], [Description], [ProvinceId], [AttractionTypeId], [GooglePlaceId], [IsDeleted], [CreatedBy], [CreatedDate], [Status]) VALUES (N'42', N'Bartelt', N'72002 Weeping Birch Circle', N'fbutteris15@qq.com', N'http://icq.com/nulla/sed/accumsan/felis/ut/at.xml?blandit=habitasse&nam=platea&nulla=dictumst&integer=aliquam&pede=augue&justo=quam&lacinia=sollicitudin&eget=vitae&tincidunt=consectetuer&eget=eget&tempus=rutrum&vel=at&pede=lorem&morbi=integer&porttitor=tincidunt&lorem=ante&id=vel&ligula=ipsum&suspendisse=praesent&ornare=blandit&consequat=lacinia&lectus=erat&in=vestibulum&est=sed&risus=magna&auctor=at&sed=nunc&tristique=commodo&in=placerat&tempus=praesent&sit=blandit&amet=nam&sem=nulla&fusce=integer&consequat=pede&nulla=justo&nisl=lacinia&nunc=eget&nisl=tincidunt&duis=eget&bibendum=tempus&felis=vel&sed=pede&interdum=morbi&venenatis=porttitor&turpis=lorem&enim=id&blandit=ligula&mi=suspendisse&in=ornare&porttitor=consequat&pede=lectus&justo=in&eu=est&massa=risus&donec=auctor&dapibus=sed&duis=tristique', N'In congue. Etiam justo. Etiam pretium iaculis justo.', N'4', N'2', N'240.165.65.99', 0, N'1', CAST(N'2024-04-14T00:00:00.0000000' AS DateTime2), 1)
INSERT [dbo].[Attraction] ([AttractionId], [Name], [Address], [ContactInfo], [Website], [Description], [ProvinceId], [AttractionTypeId], [GooglePlaceId], [IsDeleted], [CreatedBy], [CreatedDate], [Status]) VALUES (N'43', N'Talisman', N'99 1st Crossing', N'eheal16@google.co.jp', N'https://ted.com/eleifend/donec.json?venenatis=ridiculus&tristique=mus&fusce=vivamus&congue=vestibulum&diam=sagittis&id=sapien&ornare=cum&imperdiet=sociis&sapien=natoque&urna=penatibus&pretium=et&nisl=magnis&ut=dis&volutpat=parturient&sapien=montes&arcu=nascetur&sed=ridiculus&augue=mus&aliquam=etiam&erat=vel&volutpat=augue&in=vestibulum&congue=rutrum', N'Maecenas tristique, est et tempus semper, est quam pharetra magna, ac consequat metus sapien ut nunc. Vestibulum ante ipsum primis in faucibus orci luctus et ultrices posuere cubilia Curae; Mauris viverra diam vitae quam. Suspendisse potenti.

Nullam porttitor lacus at turpis. Donec posuere metus vitae ipsum. Aliquam non mauris.

Morbi non lectus. Aliquam sit amet diam in magna bibendum imperdiet. Nullam orci pede, venenatis non, sodales sed, tincidunt eu, felis.', N'39', N'1', N'59.171.145.3', 0, N'1', CAST(N'2024-02-03T00:00:00.0000000' AS DateTime2), 1)
INSERT [dbo].[Attraction] ([AttractionId], [Name], [Address], [ContactInfo], [Website], [Description], [ProvinceId], [AttractionTypeId], [GooglePlaceId], [IsDeleted], [CreatedBy], [CreatedDate], [Status]) VALUES (N'44', N'Sauthoff', N'3692 Menomonie Park', N'lhollows17@statcounter.com', N'https://google.com/cursus/vestibulum/proin.png?morbi=volutpat&sem=sapien&mauris=arcu&laoreet=sed&ut=augue&rhoncus=aliquam&aliquet=erat&pulvinar=volutpat&sed=in&nisl=congue&nunc=etiam&rhoncus=justo&dui=etiam', N'Nullam sit amet turpis elementum ligula vehicula consequat. Morbi a ipsum. Integer a nibh.', N'23', N'2', N'119.242.176.140', 0, N'1', CAST(N'2023-10-03T00:00:00.0000000' AS DateTime2), 1)
INSERT [dbo].[Attraction] ([AttractionId], [Name], [Address], [ContactInfo], [Website], [Description], [ProvinceId], [AttractionTypeId], [GooglePlaceId], [IsDeleted], [CreatedBy], [CreatedDate], [Status]) VALUES (N'45', N'Derek', N'6130 Park Meadow Parkway', N'grutherforth18@army.mil', N'http://addtoany.com/felis/sed/lacus.aspx?interdum=non&mauris=mattis&non=pulvinar&ligula=nulla&pellentesque=pede&ultrices=ullamcorper&phasellus=augue&id=a&sapien=suscipit&in=nulla&sapien=elit', N'Praesent id massa id nisl venenatis lacinia. Aenean sit amet justo. Morbi ut odio.

Cras mi pede, malesuada in, imperdiet et, commodo vulputate, justo. In blandit ultrices enim. Lorem ipsum dolor sit amet, consectetuer adipiscing elit.', N'4', N'1', N'128.19.115.92', 0, N'1', CAST(N'2024-05-24T00:00:00.0000000' AS DateTime2), 1)
INSERT [dbo].[Attraction] ([AttractionId], [Name], [Address], [ContactInfo], [Website], [Description], [ProvinceId], [AttractionTypeId], [GooglePlaceId], [IsDeleted], [CreatedBy], [CreatedDate], [Status]) VALUES (N'46', N'Comanche', N'6 Little Fleur Parkway', N'asuter19@alibaba.com', N'https://bluehost.com/curabitur/in/libero/ut/massa.png?luctus=aliquam&et=non&ultrices=mauris&posuere=morbi&cubilia=non&curae=lectus&duis=aliquam&faucibus=sit&accumsan=amet&odio=diam&curabitur=in&convallis=magna&duis=bibendum&consequat=imperdiet&dui=nullam&nec=orci&nisi=pede&volutpat=venenatis&eleifend=non&donec=sodales&ut=sed&dolor=tincidunt&morbi=eu&vel=felis&lectus=fusce&in=posuere&quam=felis&fringilla=sed&rhoncus=lacus&mauris=morbi&enim=sem&leo=mauris&rhoncus=laoreet&sed=ut&vestibulum=rhoncus&sit=aliquet&amet=pulvinar&cursus=sed&id=nisl&turpis=nunc&integer=rhoncus&aliquet=dui&massa=vel&id=sem&lobortis=sed&convallis=sagittis&tortor=nam&risus=congue&dapibus=risus&augue=semper&vel=porta&accumsan=volutpat&tellus=quam&nisi=pede&eu=lobortis&orci=ligula&mauris=sit&lacinia=amet&sapien=eleifend&quis=pede&libero=libero&nullam=quis&sit=orci&amet=nullam&turpis=molestie&elementum=nibh&ligula=in&vehicula=lectus&consequat=pellentesque&morbi=at&a=nulla&ipsum=suspendisse&integer=potenti&a=cras&nibh=in&in=purus&quis=eu&justo=magna&maecenas=vulputate&rhoncus=luctus&aliquam=cum&lacus=sociis&morbi=natoque&quis=penatibus&tortor=et&id=magnis&nulla=dis&ultrices=parturient&aliquet=montes&maecenas=nascetur&leo=ridiculus&odio=mus&condimentum=vivamus&id=vestibulum&luctus=sagittis&nec=sapien&molestie=cum&sed=sociis&justo=natoque', N'Mauris enim leo, rhoncus sed, vestibulum sit amet, cursus id, turpis. Integer aliquet, massa id lobortis convallis, tortor risus dapibus augue, vel accumsan tellus nisi eu orci. Mauris lacinia sapien quis libero.', N'30', N'4', N'110.201.249.138', 0, N'1', CAST(N'2024-08-02T00:00:00.0000000' AS DateTime2), 1)
INSERT [dbo].[Attraction] ([AttractionId], [Name], [Address], [ContactInfo], [Website], [Description], [ProvinceId], [AttractionTypeId], [GooglePlaceId], [IsDeleted], [CreatedBy], [CreatedDate], [Status]) VALUES (N'47', N'Bartillon', N'5 Village Avenue', N'mbissex1a@spotify.com', N'https://cam.ac.uk/sollicitudin/mi/sit/amet/lobortis.js?non=augue&mi=luctus&integer=tincidunt&ac=nulla&neque=mollis&duis=molestie&bibendum=lorem&morbi=quisque&non=ut&quam=erat&nec=curabitur&dui=gravida&luctus=nisi&rutrum=at&nulla=nibh&tellus=in&in=hac&sagittis=habitasse&dui=platea&vel=dictumst&nisl=aliquam&duis=augue&ac=quam&nibh=sollicitudin&fusce=vitae&lacus=consectetuer&purus=eget&aliquet=rutrum&at=at&feugiat=lorem&non=integer&pretium=tincidunt&quis=ante&lectus=vel&suspendisse=ipsum&potenti=praesent&in=blandit&eleifend=lacinia&quam=erat&a=vestibulum&odio=sed&in=magna&hac=at&habitasse=nunc&platea=commodo&dictumst=placerat&maecenas=praesent&ut=blandit&massa=nam&quis=nulla&augue=integer&luctus=pede&tincidunt=justo&nulla=lacinia&mollis=eget&molestie=tincidunt&lorem=eget&quisque=tempus&ut=vel&erat=pede&curabitur=morbi&gravida=porttitor', N'Nullam sit amet turpis elementum ligula vehicula consequat. Morbi a ipsum. Integer a nibh.', N'50', N'4', N'251.151.214.173', 0, N'1', CAST(N'2024-06-15T00:00:00.0000000' AS DateTime2), 1)
INSERT [dbo].[Attraction] ([AttractionId], [Name], [Address], [ContactInfo], [Website], [Description], [ProvinceId], [AttractionTypeId], [GooglePlaceId], [IsDeleted], [CreatedBy], [CreatedDate], [Status]) VALUES (N'48', N'Claremont', N'615 Morrow Way', N'dgeorgeou1b@state.tx.us', N'https://census.gov/sit/amet/lobortis/sapien/sapien/non.js?ornare=condimentum&consequat=curabitur&lectus=in&in=libero&est=ut&risus=massa&auctor=volutpat&sed=convallis&tristique=morbi&in=odio&tempus=odio&sit=elementum&amet=eu', N'Duis aliquam convallis nunc. Proin at turpis a pede posuere nonummy. Integer non velit.

Donec diam neque, vestibulum eget, vulputate ut, ultrices vel, augue. Vestibulum ante ipsum primis in faucibus orci luctus et ultrices posuere cubilia Curae; Donec pharetra, magna vestibulum aliquet ultrices, erat tortor sollicitudin mi, sit amet lobortis sapien sapien non mi. Integer ac neque.

Duis bibendum. Morbi non quam nec dui luctus rutrum. Nulla tellus.', N'36', N'4', N'85.180.85.221', 0, N'1', CAST(N'2024-05-27T00:00:00.0000000' AS DateTime2), 1)
INSERT [dbo].[Attraction] ([AttractionId], [Name], [Address], [ContactInfo], [Website], [Description], [ProvinceId], [AttractionTypeId], [GooglePlaceId], [IsDeleted], [CreatedBy], [CreatedDate], [Status]) VALUES (N'49', N'Superior', N'631 Elgar Place', N'eallabarton1c@example.com', N'https://bloglovin.com/convallis/tortor.jsp?enim=donec&lorem=pharetra&ipsum=magna&dolor=vestibulum&sit=aliquet&amet=ultrices&consectetuer=erat&adipiscing=tortor&elit=sollicitudin&proin=mi&interdum=sit&mauris=amet&non=lobortis', N'Cras non velit nec nisi vulputate nonummy. Maecenas tincidunt lacus at velit. Vivamus vel nulla eget eros elementum pellentesque.

Quisque porta volutpat erat. Quisque erat eros, viverra eget, congue eget, semper rutrum, nulla. Nunc purus.', N'27', N'1', N'73.174.18.82', 0, N'1', CAST(N'2024-04-11T00:00:00.0000000' AS DateTime2), 1)
INSERT [dbo].[Attraction] ([AttractionId], [Name], [Address], [ContactInfo], [Website], [Description], [ProvinceId], [AttractionTypeId], [GooglePlaceId], [IsDeleted], [CreatedBy], [CreatedDate], [Status]) VALUES (N'5', N'Anthes', N'28861 Crescent Oaks Way', N'dhollier4@bravesites.com', N'https://homestead.com/dolor/quis/odio/consequat/varius.jsp?justo=vivamus&sit=in&amet=felis&sapien=eu&dignissim=sapien&vestibulum=cursus&vestibulum=vestibulum&ante=proin&ipsum=eu&primis=mi&in=nulla&faucibus=ac&orci=enim&luctus=in&et=tempor&ultrices=turpis&posuere=nec&cubilia=euismod&curae=scelerisque&nulla=quam&dapibus=turpis', N'Integer tincidunt ante vel ipsum. Praesent blandit lacinia erat. Vestibulum sed magna at nunc commodo placerat.

Praesent blandit. Nam nulla. Integer pede justo, lacinia eget, tincidunt eget, tempus vel, pede.', N'47', N'1', N'181.244.66.137', 0, N'1', CAST(N'2024-04-30T00:00:00.0000000' AS DateTime2), 1)
INSERT [dbo].[Attraction] ([AttractionId], [Name], [Address], [ContactInfo], [Website], [Description], [ProvinceId], [AttractionTypeId], [GooglePlaceId], [IsDeleted], [CreatedBy], [CreatedDate], [Status]) VALUES (N'50', N'Clarendon', N'015 Banding Plaza', N'ctatteshall1d@nhs.uk', N'https://liveinternet.ru/mi/nulla/ac/enim/in.xml?lectus=sed&pellentesque=augue&at=aliquam&nulla=erat&suspendisse=volutpat&potenti=in&cras=congue&in=etiam&purus=justo', N'In congue. Etiam justo. Etiam pretium iaculis justo.', N'26', N'3', N'5.195.213.0', 0, N'1', CAST(N'2024-04-30T00:00:00.0000000' AS DateTime2), 1)
INSERT [dbo].[Attraction] ([AttractionId], [Name], [Address], [ContactInfo], [Website], [Description], [ProvinceId], [AttractionTypeId], [GooglePlaceId], [IsDeleted], [CreatedBy], [CreatedDate], [Status]) VALUES (N'6', N'Wayridge', N'3 Karstens Junction', N'ecrips5@cornell.edu', N'https://illinois.edu/luctus/cum/sociis/natoque/penatibus/et.xml?eget=et&rutrum=tempus&at=semper&lorem=est&integer=quam&tincidunt=pharetra&ante=magna&vel=ac&ipsum=consequat&praesent=metus&blandit=sapien&lacinia=ut&erat=nunc&vestibulum=vestibulum&sed=ante&magna=ipsum&at=primis&nunc=in&commodo=faucibus&placerat=orci&praesent=luctus&blandit=et&nam=ultrices&nulla=posuere&integer=cubilia&pede=curae&justo=mauris&lacinia=viverra&eget=diam&tincidunt=vitae&eget=quam&tempus=suspendisse&vel=potenti&pede=nullam&morbi=porttitor', N'Quisque porta volutpat erat. Quisque erat eros, viverra eget, congue eget, semper rutrum, nulla. Nunc purus.

Phasellus in felis. Donec semper sapien a libero. Nam dui.', N'7', N'4', N'216.0.29.85', 0, N'1', CAST(N'2024-09-04T00:00:00.0000000' AS DateTime2), 2)
INSERT [dbo].[Attraction] ([AttractionId], [Name], [Address], [ContactInfo], [Website], [Description], [ProvinceId], [AttractionTypeId], [GooglePlaceId], [IsDeleted], [CreatedBy], [CreatedDate], [Status]) VALUES (N'7', N'Daystar', N'7 7th Park', N'cbentham6@icio.us', N'https://amazon.com/vivamus/in/felis/eu.jsp?massa=quis&donec=augue&dapibus=luctus&duis=tincidunt&at=nulla&velit=mollis&eu=molestie&est=lorem&congue=quisque', N'In sagittis dui vel nisl. Duis ac nibh. Fusce lacus purus, aliquet at, feugiat non, pretium quis, lectus.

Suspendisse potenti. In eleifend quam a odio. In hac habitasse platea dictumst.

Maecenas ut massa quis augue luctus tincidunt. Nulla mollis molestie lorem. Quisque ut erat.', N'7', N'3', N'83.49.117.104', 0, N'1', CAST(N'2024-09-05T00:00:00.0000000' AS DateTime2), 1)
INSERT [dbo].[Attraction] ([AttractionId], [Name], [Address], [ContactInfo], [Website], [Description], [ProvinceId], [AttractionTypeId], [GooglePlaceId], [IsDeleted], [CreatedBy], [CreatedDate], [Status]) VALUES (N'8', N'Blue Bill Park', N'001 Clove Crossing', N'kbiasio7@devhub.com', N'https://loc.gov/eu/orci/mauris.js?venenatis=est&lacinia=quam&aenean=pharetra&sit=magna&amet=ac&justo=consequat&morbi=metus&ut=sapien&odio=ut&cras=nunc&mi=vestibulum&pede=ante&malesuada=ipsum&in=primis&imperdiet=in&et=faucibus&commodo=orci&vulputate=luctus&justo=et&in=ultrices&blandit=posuere&ultrices=cubilia&enim=curae&lorem=mauris&ipsum=viverra&dolor=diam&sit=vitae&amet=quam&consectetuer=suspendisse&adipiscing=potenti&elit=nullam&proin=porttitor&interdum=lacus&mauris=at&non=turpis&ligula=donec&pellentesque=posuere&ultrices=metus&phasellus=vitae&id=ipsum&sapien=aliquam&in=non&sapien=mauris&iaculis=morbi&congue=non&vivamus=lectus&metus=aliquam&arcu=sit&adipiscing=amet&molestie=diam&hendrerit=in&at=magna&vulputate=bibendum&vitae=imperdiet&nisl=nullam&aenean=orci&lectus=pede&pellentesque=venenatis&eget=non&nunc=sodales&donec=sed&quis=tincidunt&orci=eu&eget=felis&orci=fusce&vehicula=posuere&condimentum=felis&curabitur=sed&in=lacus&libero=morbi&ut=sem&massa=mauris&volutpat=laoreet&convallis=ut&morbi=rhoncus&odio=aliquet&odio=pulvinar&elementum=sed&eu=nisl&interdum=nunc&eu=rhoncus&tincidunt=dui&in=vel', N'Sed ante. Vivamus tortor. Duis mattis egestas metus.

Aenean fermentum. Donec ut mauris eget massa tempor convallis. Nulla neque libero, convallis eget, eleifend luctus, ultricies eu, nibh.

Quisque id justo sit amet sapien dignissim vestibulum. Vestibulum ante ipsum primis in faucibus orci luctus et ultrices posuere cubilia Curae; Nulla dapibus dolor vel est. Donec odio justo, sollicitudin ut, suscipit a, feugiat et, eros.', N'2', N'4', N'171.53.94.139', 0, N'1', CAST(N'2024-01-24T00:00:00.0000000' AS DateTime2), 3)
INSERT [dbo].[Attraction] ([AttractionId], [Name], [Address], [ContactInfo], [Website], [Description], [ProvinceId], [AttractionTypeId], [GooglePlaceId], [IsDeleted], [CreatedBy], [CreatedDate], [Status]) VALUES (N'9', N'Eastwood', N'74420 Dayton Alley', N'cgrichukhin8@jalbum.net', N'http://loc.gov/justo/morbi.png?quam=vitae&fringilla=nisl&rhoncus=aenean&mauris=lectus&enim=pellentesque&leo=eget&rhoncus=nunc&sed=donec&vestibulum=quis&sit=orci&amet=eget&cursus=orci&id=vehicula&turpis=condimentum&integer=curabitur&aliquet=in&massa=libero&id=ut&lobortis=massa&convallis=volutpat&tortor=convallis&risus=morbi&dapibus=odio&augue=odio&vel=elementum&accumsan=eu&tellus=interdum', N'Proin interdum mauris non ligula pellentesque ultrices. Phasellus id sapien in sapien iaculis congue. Vivamus metus arcu, adipiscing molestie, hendrerit at, vulputate vitae, nisl.

Aenean lectus. Pellentesque eget nunc. Donec quis orci eget orci vehicula condimentum.

Curabitur in libero ut massa volutpat convallis. Morbi odio odio, elementum eu, interdum eu, tincidunt in, leo. Maecenas pulvinar lobortis est.', N'61', N'1', N'97.107.80.53', 0, N'1', CAST(N'2023-10-24T00:00:00.0000000' AS DateTime2), 1)
GO
INSERT [dbo].[AttractionImage] ([AttractionId], [ImageId]) VALUES (N'1', N'1')
INSERT [dbo].[AttractionImage] ([AttractionId], [ImageId]) VALUES (N'10', N'10')
INSERT [dbo].[AttractionImage] ([AttractionId], [ImageId]) VALUES (N'11', N'11')
INSERT [dbo].[AttractionImage] ([AttractionId], [ImageId]) VALUES (N'12', N'12')
INSERT [dbo].[AttractionImage] ([AttractionId], [ImageId]) VALUES (N'13', N'13')
INSERT [dbo].[AttractionImage] ([AttractionId], [ImageId]) VALUES (N'14', N'14')
INSERT [dbo].[AttractionImage] ([AttractionId], [ImageId]) VALUES (N'15', N'15')
INSERT [dbo].[AttractionImage] ([AttractionId], [ImageId]) VALUES (N'16', N'16')
INSERT [dbo].[AttractionImage] ([AttractionId], [ImageId]) VALUES (N'17', N'17')
INSERT [dbo].[AttractionImage] ([AttractionId], [ImageId]) VALUES (N'18', N'18')
INSERT [dbo].[AttractionImage] ([AttractionId], [ImageId]) VALUES (N'19', N'19')
INSERT [dbo].[AttractionImage] ([AttractionId], [ImageId]) VALUES (N'2', N'2')
INSERT [dbo].[AttractionImage] ([AttractionId], [ImageId]) VALUES (N'20', N'20')
INSERT [dbo].[AttractionImage] ([AttractionId], [ImageId]) VALUES (N'21', N'21')
INSERT [dbo].[AttractionImage] ([AttractionId], [ImageId]) VALUES (N'22', N'22')
INSERT [dbo].[AttractionImage] ([AttractionId], [ImageId]) VALUES (N'23', N'23')
INSERT [dbo].[AttractionImage] ([AttractionId], [ImageId]) VALUES (N'24', N'24')
INSERT [dbo].[AttractionImage] ([AttractionId], [ImageId]) VALUES (N'25', N'25')
INSERT [dbo].[AttractionImage] ([AttractionId], [ImageId]) VALUES (N'26', N'26')
INSERT [dbo].[AttractionImage] ([AttractionId], [ImageId]) VALUES (N'27', N'27')
INSERT [dbo].[AttractionImage] ([AttractionId], [ImageId]) VALUES (N'28', N'28')
INSERT [dbo].[AttractionImage] ([AttractionId], [ImageId]) VALUES (N'29', N'29')
INSERT [dbo].[AttractionImage] ([AttractionId], [ImageId]) VALUES (N'3', N'3')
INSERT [dbo].[AttractionImage] ([AttractionId], [ImageId]) VALUES (N'30', N'30')
INSERT [dbo].[AttractionImage] ([AttractionId], [ImageId]) VALUES (N'31', N'31')
INSERT [dbo].[AttractionImage] ([AttractionId], [ImageId]) VALUES (N'32', N'32')
INSERT [dbo].[AttractionImage] ([AttractionId], [ImageId]) VALUES (N'33', N'33')
INSERT [dbo].[AttractionImage] ([AttractionId], [ImageId]) VALUES (N'34', N'34')
INSERT [dbo].[AttractionImage] ([AttractionId], [ImageId]) VALUES (N'35', N'35')
INSERT [dbo].[AttractionImage] ([AttractionId], [ImageId]) VALUES (N'36', N'36')
INSERT [dbo].[AttractionImage] ([AttractionId], [ImageId]) VALUES (N'37', N'37')
INSERT [dbo].[AttractionImage] ([AttractionId], [ImageId]) VALUES (N'38', N'38')
INSERT [dbo].[AttractionImage] ([AttractionId], [ImageId]) VALUES (N'39', N'39')
INSERT [dbo].[AttractionImage] ([AttractionId], [ImageId]) VALUES (N'4', N'4')
INSERT [dbo].[AttractionImage] ([AttractionId], [ImageId]) VALUES (N'40', N'40')
INSERT [dbo].[AttractionImage] ([AttractionId], [ImageId]) VALUES (N'41', N'41')
INSERT [dbo].[AttractionImage] ([AttractionId], [ImageId]) VALUES (N'42', N'42')
INSERT [dbo].[AttractionImage] ([AttractionId], [ImageId]) VALUES (N'43', N'43')
INSERT [dbo].[AttractionImage] ([AttractionId], [ImageId]) VALUES (N'44', N'44')
INSERT [dbo].[AttractionImage] ([AttractionId], [ImageId]) VALUES (N'45', N'45')
INSERT [dbo].[AttractionImage] ([AttractionId], [ImageId]) VALUES (N'46', N'46')
INSERT [dbo].[AttractionImage] ([AttractionId], [ImageId]) VALUES (N'47', N'47')
INSERT [dbo].[AttractionImage] ([AttractionId], [ImageId]) VALUES (N'48', N'48')
INSERT [dbo].[AttractionImage] ([AttractionId], [ImageId]) VALUES (N'49', N'49')
INSERT [dbo].[AttractionImage] ([AttractionId], [ImageId]) VALUES (N'5', N'5')
INSERT [dbo].[AttractionImage] ([AttractionId], [ImageId]) VALUES (N'50', N'50')
INSERT [dbo].[AttractionImage] ([AttractionId], [ImageId]) VALUES (N'6', N'6')
INSERT [dbo].[AttractionImage] ([AttractionId], [ImageId]) VALUES (N'7', N'7')
INSERT [dbo].[AttractionImage] ([AttractionId], [ImageId]) VALUES (N'8', N'8')
INSERT [dbo].[AttractionImage] ([AttractionId], [ImageId]) VALUES (N'9', N'9')
GO
INSERT [dbo].[TourTemplateImage] ([TourTemplateId], [ImageId]) VALUES (N'10', N'1')
INSERT [dbo].[TourTemplateImage] ([TourTemplateId], [ImageId]) VALUES (N'16', N'1')
INSERT [dbo].[TourTemplateImage] ([TourTemplateId], [ImageId]) VALUES (N'5', N'1')
INSERT [dbo].[TourTemplateImage] ([TourTemplateId], [ImageId]) VALUES (N'9', N'1')
INSERT [dbo].[TourTemplateImage] ([TourTemplateId], [ImageId]) VALUES (N'6', N'12')
INSERT [dbo].[TourTemplateImage] ([TourTemplateId], [ImageId]) VALUES (N'13', N'13')
INSERT [dbo].[TourTemplateImage] ([TourTemplateId], [ImageId]) VALUES (N'15', N'13')
INSERT [dbo].[TourTemplateImage] ([TourTemplateId], [ImageId]) VALUES (N'19', N'14')
INSERT [dbo].[TourTemplateImage] ([TourTemplateId], [ImageId]) VALUES (N'2', N'14')
INSERT [dbo].[TourTemplateImage] ([TourTemplateId], [ImageId]) VALUES (N'18', N'15')
INSERT [dbo].[TourTemplateImage] ([TourTemplateId], [ImageId]) VALUES (N'4', N'15')
INSERT [dbo].[TourTemplateImage] ([TourTemplateId], [ImageId]) VALUES (N'13', N'16')
INSERT [dbo].[TourTemplateImage] ([TourTemplateId], [ImageId]) VALUES (N'12', N'17')
INSERT [dbo].[TourTemplateImage] ([TourTemplateId], [ImageId]) VALUES (N'19', N'17')
INSERT [dbo].[TourTemplateImage] ([TourTemplateId], [ImageId]) VALUES (N'7', N'21')
INSERT [dbo].[TourTemplateImage] ([TourTemplateId], [ImageId]) VALUES (N'14', N'23')
INSERT [dbo].[TourTemplateImage] ([TourTemplateId], [ImageId]) VALUES (N'15', N'23')
INSERT [dbo].[TourTemplateImage] ([TourTemplateId], [ImageId]) VALUES (N'2', N'24')
INSERT [dbo].[TourTemplateImage] ([TourTemplateId], [ImageId]) VALUES (N'6', N'27')
INSERT [dbo].[TourTemplateImage] ([TourTemplateId], [ImageId]) VALUES (N'12', N'28')
INSERT [dbo].[TourTemplateImage] ([TourTemplateId], [ImageId]) VALUES (N'8', N'28')
INSERT [dbo].[TourTemplateImage] ([TourTemplateId], [ImageId]) VALUES (N'10', N'3')
INSERT [dbo].[TourTemplateImage] ([TourTemplateId], [ImageId]) VALUES (N'7', N'3')
INSERT [dbo].[TourTemplateImage] ([TourTemplateId], [ImageId]) VALUES (N'15', N'30')
INSERT [dbo].[TourTemplateImage] ([TourTemplateId], [ImageId]) VALUES (N'16', N'32')
INSERT [dbo].[TourTemplateImage] ([TourTemplateId], [ImageId]) VALUES (N'6', N'32')
INSERT [dbo].[TourTemplateImage] ([TourTemplateId], [ImageId]) VALUES (N'19', N'36')
INSERT [dbo].[TourTemplateImage] ([TourTemplateId], [ImageId]) VALUES (N'18', N'37')
INSERT [dbo].[TourTemplateImage] ([TourTemplateId], [ImageId]) VALUES (N'2', N'37')
INSERT [dbo].[TourTemplateImage] ([TourTemplateId], [ImageId]) VALUES (N'20', N'39')
INSERT [dbo].[TourTemplateImage] ([TourTemplateId], [ImageId]) VALUES (N'1', N'41')
INSERT [dbo].[TourTemplateImage] ([TourTemplateId], [ImageId]) VALUES (N'3', N'41')
INSERT [dbo].[TourTemplateImage] ([TourTemplateId], [ImageId]) VALUES (N'20', N'42')
INSERT [dbo].[TourTemplateImage] ([TourTemplateId], [ImageId]) VALUES (N'7', N'43')
INSERT [dbo].[TourTemplateImage] ([TourTemplateId], [ImageId]) VALUES (N'11', N'46')
INSERT [dbo].[TourTemplateImage] ([TourTemplateId], [ImageId]) VALUES (N'11', N'47')
INSERT [dbo].[TourTemplateImage] ([TourTemplateId], [ImageId]) VALUES (N'17', N'48')
INSERT [dbo].[TourTemplateImage] ([TourTemplateId], [ImageId]) VALUES (N'18', N'48')
INSERT [dbo].[TourTemplateImage] ([TourTemplateId], [ImageId]) VALUES (N'1', N'49')
INSERT [dbo].[TourTemplateImage] ([TourTemplateId], [ImageId]) VALUES (N'16', N'5')
INSERT [dbo].[TourTemplateImage] ([TourTemplateId], [ImageId]) VALUES (N'5', N'5')
INSERT [dbo].[TourTemplateImage] ([TourTemplateId], [ImageId]) VALUES (N'13', N'50')
INSERT [dbo].[TourTemplateImage] ([TourTemplateId], [ImageId]) VALUES (N'5', N'50')
INSERT [dbo].[TourTemplateImage] ([TourTemplateId], [ImageId]) VALUES (N'3', N'51')
INSERT [dbo].[TourTemplateImage] ([TourTemplateId], [ImageId]) VALUES (N'14', N'52')
INSERT [dbo].[TourTemplateImage] ([TourTemplateId], [ImageId]) VALUES (N'11', N'53')
INSERT [dbo].[TourTemplateImage] ([TourTemplateId], [ImageId]) VALUES (N'12', N'53')
INSERT [dbo].[TourTemplateImage] ([TourTemplateId], [ImageId]) VALUES (N'9', N'53')
INSERT [dbo].[TourTemplateImage] ([TourTemplateId], [ImageId]) VALUES (N'8', N'57')
INSERT [dbo].[TourTemplateImage] ([TourTemplateId], [ImageId]) VALUES (N'10', N'59')
INSERT [dbo].[TourTemplateImage] ([TourTemplateId], [ImageId]) VALUES (N'9', N'6')
INSERT [dbo].[TourTemplateImage] ([TourTemplateId], [ImageId]) VALUES (N'20', N'60')
INSERT [dbo].[TourTemplateImage] ([TourTemplateId], [ImageId]) VALUES (N'17', N'61')
INSERT [dbo].[TourTemplateImage] ([TourTemplateId], [ImageId]) VALUES (N'3', N'61')
INSERT [dbo].[TourTemplateImage] ([TourTemplateId], [ImageId]) VALUES (N'17', N'62')
INSERT [dbo].[TourTemplateImage] ([TourTemplateId], [ImageId]) VALUES (N'1', N'63')
INSERT [dbo].[TourTemplateImage] ([TourTemplateId], [ImageId]) VALUES (N'8', N'63')
INSERT [dbo].[TourTemplateImage] ([TourTemplateId], [ImageId]) VALUES (N'4', N'7')
INSERT [dbo].[TourTemplateImage] ([TourTemplateId], [ImageId]) VALUES (N'14', N'9')
GO
INSERT [dbo].[TourTemplateProvince] ([TourTemplateId], [ProvinceId]) VALUES (N'13', N'1')
INSERT [dbo].[TourTemplateProvince] ([TourTemplateId], [ProvinceId]) VALUES (N'17', N'1')
INSERT [dbo].[TourTemplateProvince] ([TourTemplateId], [ProvinceId]) VALUES (N'1', N'11')
INSERT [dbo].[TourTemplateProvince] ([TourTemplateId], [ProvinceId]) VALUES (N'4', N'18')
INSERT [dbo].[TourTemplateProvince] ([TourTemplateId], [ProvinceId]) VALUES (N'5', N'18')
INSERT [dbo].[TourTemplateProvince] ([TourTemplateId], [ProvinceId]) VALUES (N'6', N'18')
INSERT [dbo].[TourTemplateProvince] ([TourTemplateId], [ProvinceId]) VALUES (N'18', N'21')
INSERT [dbo].[TourTemplateProvince] ([TourTemplateId], [ProvinceId]) VALUES (N'5', N'21')
INSERT [dbo].[TourTemplateProvince] ([TourTemplateId], [ProvinceId]) VALUES (N'20', N'25')
INSERT [dbo].[TourTemplateProvince] ([TourTemplateId], [ProvinceId]) VALUES (N'3', N'25')
INSERT [dbo].[TourTemplateProvince] ([TourTemplateId], [ProvinceId]) VALUES (N'9', N'28')
INSERT [dbo].[TourTemplateProvince] ([TourTemplateId], [ProvinceId]) VALUES (N'10', N'29')
INSERT [dbo].[TourTemplateProvince] ([TourTemplateId], [ProvinceId]) VALUES (N'1', N'3')
INSERT [dbo].[TourTemplateProvince] ([TourTemplateId], [ProvinceId]) VALUES (N'13', N'3')
INSERT [dbo].[TourTemplateProvince] ([TourTemplateId], [ProvinceId]) VALUES (N'12', N'30')
INSERT [dbo].[TourTemplateProvince] ([TourTemplateId], [ProvinceId]) VALUES (N'7', N'33')
INSERT [dbo].[TourTemplateProvince] ([TourTemplateId], [ProvinceId]) VALUES (N'7', N'35')
INSERT [dbo].[TourTemplateProvince] ([TourTemplateId], [ProvinceId]) VALUES (N'19', N'36')
INSERT [dbo].[TourTemplateProvince] ([TourTemplateId], [ProvinceId]) VALUES (N'14', N'38')
INSERT [dbo].[TourTemplateProvince] ([TourTemplateId], [ProvinceId]) VALUES (N'11', N'4')
INSERT [dbo].[TourTemplateProvince] ([TourTemplateId], [ProvinceId]) VALUES (N'19', N'4')
INSERT [dbo].[TourTemplateProvince] ([TourTemplateId], [ProvinceId]) VALUES (N'8', N'40')
INSERT [dbo].[TourTemplateProvince] ([TourTemplateId], [ProvinceId]) VALUES (N'17', N'41')
INSERT [dbo].[TourTemplateProvince] ([TourTemplateId], [ProvinceId]) VALUES (N'2', N'42')
INSERT [dbo].[TourTemplateProvince] ([TourTemplateId], [ProvinceId]) VALUES (N'9', N'42')
INSERT [dbo].[TourTemplateProvince] ([TourTemplateId], [ProvinceId]) VALUES (N'8', N'43')
INSERT [dbo].[TourTemplateProvince] ([TourTemplateId], [ProvinceId]) VALUES (N'15', N'48')
INSERT [dbo].[TourTemplateProvince] ([TourTemplateId], [ProvinceId]) VALUES (N'10', N'49')
INSERT [dbo].[TourTemplateProvince] ([TourTemplateId], [ProvinceId]) VALUES (N'11', N'51')
INSERT [dbo].[TourTemplateProvince] ([TourTemplateId], [ProvinceId]) VALUES (N'15', N'51')
INSERT [dbo].[TourTemplateProvince] ([TourTemplateId], [ProvinceId]) VALUES (N'20', N'52')
INSERT [dbo].[TourTemplateProvince] ([TourTemplateId], [ProvinceId]) VALUES (N'14', N'53')
INSERT [dbo].[TourTemplateProvince] ([TourTemplateId], [ProvinceId]) VALUES (N'3', N'53')
INSERT [dbo].[TourTemplateProvince] ([TourTemplateId], [ProvinceId]) VALUES (N'12', N'56')
INSERT [dbo].[TourTemplateProvince] ([TourTemplateId], [ProvinceId]) VALUES (N'16', N'56')
INSERT [dbo].[TourTemplateProvince] ([TourTemplateId], [ProvinceId]) VALUES (N'6', N'57')
INSERT [dbo].[TourTemplateProvince] ([TourTemplateId], [ProvinceId]) VALUES (N'2', N'6')
INSERT [dbo].[TourTemplateProvince] ([TourTemplateId], [ProvinceId]) VALUES (N'16', N'63')
INSERT [dbo].[TourTemplateProvince] ([TourTemplateId], [ProvinceId]) VALUES (N'4', N'7')
GO
INSERT [dbo].[TourTemplateSchedule] ([TourTemplateId], [DayNumber], [Title], [Description]) VALUES (N'1', 1, N'1', N'1')
INSERT [dbo].[TourTemplateSchedule] ([TourTemplateId], [DayNumber], [Title], [Description]) VALUES (N'1', 2, N'2', N'2')
INSERT [dbo].[TourTemplateSchedule] ([TourTemplateId], [DayNumber], [Title], [Description]) VALUES (N'10', 1, N'A', N'A')
INSERT [dbo].[TourTemplateSchedule] ([TourTemplateId], [DayNumber], [Title], [Description]) VALUES (N'11', 1, N'A', N'A')
INSERT [dbo].[TourTemplateSchedule] ([TourTemplateId], [DayNumber], [Title], [Description]) VALUES (N'11', 2, N'A', N'A')
INSERT [dbo].[TourTemplateSchedule] ([TourTemplateId], [DayNumber], [Title], [Description]) VALUES (N'12', 1, N'A', N'A')
INSERT [dbo].[TourTemplateSchedule] ([TourTemplateId], [DayNumber], [Title], [Description]) VALUES (N'13', 1, N'A', N'A')
INSERT [dbo].[TourTemplateSchedule] ([TourTemplateId], [DayNumber], [Title], [Description]) VALUES (N'13', 2, N'A', N'A')
INSERT [dbo].[TourTemplateSchedule] ([TourTemplateId], [DayNumber], [Title], [Description]) VALUES (N'14', 1, N'A', N'A')
INSERT [dbo].[TourTemplateSchedule] ([TourTemplateId], [DayNumber], [Title], [Description]) VALUES (N'15', 1, N'A', N'A')
INSERT [dbo].[TourTemplateSchedule] ([TourTemplateId], [DayNumber], [Title], [Description]) VALUES (N'15', 2, N'A', N'A')
INSERT [dbo].[TourTemplateSchedule] ([TourTemplateId], [DayNumber], [Title], [Description]) VALUES (N'16', 1, N'A', N'A')
INSERT [dbo].[TourTemplateSchedule] ([TourTemplateId], [DayNumber], [Title], [Description]) VALUES (N'17', 1, N'A', N'A')
INSERT [dbo].[TourTemplateSchedule] ([TourTemplateId], [DayNumber], [Title], [Description]) VALUES (N'18', 1, N'A', N'A')
INSERT [dbo].[TourTemplateSchedule] ([TourTemplateId], [DayNumber], [Title], [Description]) VALUES (N'19', 1, N'A', N'A')
INSERT [dbo].[TourTemplateSchedule] ([TourTemplateId], [DayNumber], [Title], [Description]) VALUES (N'19', 2, N'A', N'A')
INSERT [dbo].[TourTemplateSchedule] ([TourTemplateId], [DayNumber], [Title], [Description]) VALUES (N'2', 1, N'A', N'A')
INSERT [dbo].[TourTemplateSchedule] ([TourTemplateId], [DayNumber], [Title], [Description]) VALUES (N'2', 2, N'A', N'A')
INSERT [dbo].[TourTemplateSchedule] ([TourTemplateId], [DayNumber], [Title], [Description]) VALUES (N'20', 1, N'A', N'A')
INSERT [dbo].[TourTemplateSchedule] ([TourTemplateId], [DayNumber], [Title], [Description]) VALUES (N'3', 1, N'A', N'A')
INSERT [dbo].[TourTemplateSchedule] ([TourTemplateId], [DayNumber], [Title], [Description]) VALUES (N'4', 1, N'A', N'A')
INSERT [dbo].[TourTemplateSchedule] ([TourTemplateId], [DayNumber], [Title], [Description]) VALUES (N'5', 1, N'A', N'A')
INSERT [dbo].[TourTemplateSchedule] ([TourTemplateId], [DayNumber], [Title], [Description]) VALUES (N'6', 1, N'A', N'A')
INSERT [dbo].[TourTemplateSchedule] ([TourTemplateId], [DayNumber], [Title], [Description]) VALUES (N'6', 2, N'A', N'A')
INSERT [dbo].[TourTemplateSchedule] ([TourTemplateId], [DayNumber], [Title], [Description]) VALUES (N'7', 1, N'A', N'A')
INSERT [dbo].[TourTemplateSchedule] ([TourTemplateId], [DayNumber], [Title], [Description]) VALUES (N'7', 2, N'A', N'A')
INSERT [dbo].[TourTemplateSchedule] ([TourTemplateId], [DayNumber], [Title], [Description]) VALUES (N'8', 1, N'A', N'A')
INSERT [dbo].[TourTemplateSchedule] ([TourTemplateId], [DayNumber], [Title], [Description]) VALUES (N'9', 1, N'A', N'A')
GO
INSERT [dbo].[AttractionSchedule] ([TourTemplateId], [DayNumber], [AttractionId]) VALUES (N'19', 2, N'1')
INSERT [dbo].[AttractionSchedule] ([TourTemplateId], [DayNumber], [AttractionId]) VALUES (N'20', 1, N'2')
INSERT [dbo].[AttractionSchedule] ([TourTemplateId], [DayNumber], [AttractionId]) VALUES (N'1', 1, N'25')
INSERT [dbo].[AttractionSchedule] ([TourTemplateId], [DayNumber], [AttractionId]) VALUES (N'1', 2, N'26')
INSERT [dbo].[AttractionSchedule] ([TourTemplateId], [DayNumber], [AttractionId]) VALUES (N'2', 1, N'27')
INSERT [dbo].[AttractionSchedule] ([TourTemplateId], [DayNumber], [AttractionId]) VALUES (N'2', 2, N'28')
INSERT [dbo].[AttractionSchedule] ([TourTemplateId], [DayNumber], [AttractionId]) VALUES (N'3', 1, N'29')
INSERT [dbo].[AttractionSchedule] ([TourTemplateId], [DayNumber], [AttractionId]) VALUES (N'4', 1, N'30')
INSERT [dbo].[AttractionSchedule] ([TourTemplateId], [DayNumber], [AttractionId]) VALUES (N'5', 1, N'31')
INSERT [dbo].[AttractionSchedule] ([TourTemplateId], [DayNumber], [AttractionId]) VALUES (N'6', 1, N'32')
INSERT [dbo].[AttractionSchedule] ([TourTemplateId], [DayNumber], [AttractionId]) VALUES (N'6', 2, N'33')
INSERT [dbo].[AttractionSchedule] ([TourTemplateId], [DayNumber], [AttractionId]) VALUES (N'7', 1, N'34')
INSERT [dbo].[AttractionSchedule] ([TourTemplateId], [DayNumber], [AttractionId]) VALUES (N'7', 2, N'35')
INSERT [dbo].[AttractionSchedule] ([TourTemplateId], [DayNumber], [AttractionId]) VALUES (N'8', 1, N'36')
INSERT [dbo].[AttractionSchedule] ([TourTemplateId], [DayNumber], [AttractionId]) VALUES (N'9', 1, N'37')
INSERT [dbo].[AttractionSchedule] ([TourTemplateId], [DayNumber], [AttractionId]) VALUES (N'10', 1, N'38')
INSERT [dbo].[AttractionSchedule] ([TourTemplateId], [DayNumber], [AttractionId]) VALUES (N'11', 1, N'39')
INSERT [dbo].[AttractionSchedule] ([TourTemplateId], [DayNumber], [AttractionId]) VALUES (N'11', 2, N'40')
INSERT [dbo].[AttractionSchedule] ([TourTemplateId], [DayNumber], [AttractionId]) VALUES (N'12', 1, N'41')
INSERT [dbo].[AttractionSchedule] ([TourTemplateId], [DayNumber], [AttractionId]) VALUES (N'13', 1, N'42')
INSERT [dbo].[AttractionSchedule] ([TourTemplateId], [DayNumber], [AttractionId]) VALUES (N'13', 2, N'43')
INSERT [dbo].[AttractionSchedule] ([TourTemplateId], [DayNumber], [AttractionId]) VALUES (N'14', 1, N'44')
INSERT [dbo].[AttractionSchedule] ([TourTemplateId], [DayNumber], [AttractionId]) VALUES (N'15', 1, N'45')
INSERT [dbo].[AttractionSchedule] ([TourTemplateId], [DayNumber], [AttractionId]) VALUES (N'15', 2, N'46')
INSERT [dbo].[AttractionSchedule] ([TourTemplateId], [DayNumber], [AttractionId]) VALUES (N'16', 1, N'47')
INSERT [dbo].[AttractionSchedule] ([TourTemplateId], [DayNumber], [AttractionId]) VALUES (N'17', 1, N'48')
INSERT [dbo].[AttractionSchedule] ([TourTemplateId], [DayNumber], [AttractionId]) VALUES (N'18', 1, N'49')
INSERT [dbo].[AttractionSchedule] ([TourTemplateId], [DayNumber], [AttractionId]) VALUES (N'19', 1, N'50')
GO